tweet_id,isPolitical
1.59717028154555E+018,Yes
1.43170002747119E+018,No
1.56603557709028E+018,Yes
1.59153869086994E+018,Yes
1.58389816923817E+018,Yes
1.59691427490735E+018,Yes
1.58607882373684E+018,Yes
1.59333776451014E+018,Yes
1.58766989724035E+018,Yes
1.5965829725009E+018,Yes
1.4414995804415E+018,No
1.59748858072913E+018,No
1.58573009634188E+018,No
1.57620463570636E+018,Yes
1.59537864617638E+018,Yes
1.36098289057054E+018,No
1.36895985907761E+018,No
1.5493727047212E+018,Yes
1.38742210146907E+018,No
1.59645166688233E+018,Yes
1.42469010901475E+018,No
1.59405626799935E+018,Yes
1.44322022696802E+018,Yes
1.44507571323792E+018,No
1.58817660090623E+018,Yes
1.59691238562926E+018,Yes
1.59294853241546E+018,Yes
1.39460383541973E+018,No
1.58972820971672E+018,Yes
1.59546704967699E+018,Yes
1.41276431233527E+018,No
1.58973250121567E+018,Yes
1.58675399526306E+018,Yes
1.58951234181282E+018,Yes
1.58787900572171E+018,Yes
1.59469461871262E+018,Yes
1.59514366921181E+018,Yes
1.34854524490474E+018,No
1.5969252184882E+018,Yes
1.58484771870255E+018,Yes
1.59619118416648E+018,Yes
1.59046170608575E+018,Yes
1.58598482869178E+018,Yes
1.34705342074683E+018,No
1.54439051438818E+018,No
1.59439678630282E+018,Yes
1.58014566397042E+018,Yes
1.59056293929121E+018,Yes
1.58519432565873E+018,Yes
1.59681350792815E+018,Yes
1.57916365712434E+018,Yes
1.59458604100814E+018,Yes
1.5935612427441E+018,Yes
1.59585136551909E+018,Yes
1.58988833910859E+018,Yes
1.55956025497475E+018,Yes
1.3650535607408E+018,No
1.58067198970176E+018,Yes
1.41965334799759E+018,Yes
1.59583521524667E+018,Yes
1.56922661785512E+018,No
1.58245902842872E+018,Yes
1.37083643558305E+018,No
1.59260177138572E+018,Yes
1.58999165985688E+018,No
1.59440026782645E+018,Yes
1.54967648595867E+018,Yes
1.39397673159428E+018,No
1.57954814541107E+018,Yes
1.59498960556853E+018,Yes
1.55618071408896E+018,No
1.59425272628798E+018,Yes
1.58349957515473E+018,Yes
1.38176362004501E+018,No
1.58388155872091E+018,Yes
1.3812172402514E+018,No
1.43264960489874E+018,Yes
1.55117691999082E+018,Yes
1.59516506552707E+018,No
1.40669088884001E+018,No
1.59693946038125E+018,Yes
1.58602331296187E+018,Yes
1.59113307881406E+018,Yes
1.35347479952434E+018,No
1.59207949294787E+018,Yes
1.59003322269579E+018,Yes
1.55047774876595E+018,Yes
1.58274260311979E+018,Yes
1.59038434284053E+018,Yes
1.59332619263932E+018,No
1.59039419713515E+018,Yes
1.34975870615887E+018,No
1.42105720755946E+018,No
1.59028996470907E+018,No
1.58776394909689E+018,Yes
1.59260135436282E+018,Yes
1.59628219536235E+018,Yes
1.59074411866943E+018,Yes
1.55883689440181E+018,Yes
1.45441125163587E+018,No
1.59476025412592E+018,Yes
1.59215698712686E+018,Yes
1.59801937904357E+018,Yes
1.42138895855093E+018,No
1.58627217243926E+018,Yes
1.41746792896291E+018,No
1.58770488104923E+018,Yes
1.58931667559765E+018,Yes
1.583014353393E+018,Yes
1.58921432282762E+018,Yes
1.59658789274662E+018,Yes
1.58980820412049E+018,Yes
1.36891578574642E+018,Yes
1.39604366698949E+018,No
1.40501748149281E+018,No
1.58593432346703E+018,Yes
1.58921224970021E+018,Yes
1.5873625028196E+018,Yes
1.44003216082451E+018,No
1.4378516671821E+018,No
1.5957742783095E+018,Yes
1.54714937929497E+018,Yes
1.58969252055627E+018,Yes
1.35887294003776E+018,No
1.5859729744356E+018,Yes
1.56906367720637E+018,Yes
1.41859553071279E+018,No
1.59401948972452E+018,Yes
1.59683608364321E+018,Yes
1.39151066372233E+018,No
1.55088912716753E+018,Yes
1.55740565857989E+018,Yes
1.58532359037049E+018,Yes
1.59763172503037E+018,Yes
1.36211675394647E+018,No
1.58680271826127E+018,No
1.58515678363898E+018,Yes
1.58431145676573E+018,No
1.59763030501976E+018,Yes
1.59221741149504E+018,Yes
1.55562256531769E+018,Yes
1.59302450958162E+018,Yes
1.58557081489163E+018,Yes
1.59441806719019E+018,Yes
1.56646268174939E+018,Yes
1.59478178787564E+018,Yes
1.58967955178508E+018,Yes
1.59544393201556E+018,Yes
1.34568004119212E+018,No
1.58476893211147E+018,Yes
1.34901644602265E+018,No
1.59287990475201E+018,Yes
1.54676958097404E+018,No
1.59792660428165E+018,Yes
1.58314117962521E+018,Yes
1.59769534663299E+018,Yes
1.56798330448552E+018,Yes
1.594702777435E+018,Yes
1.59717358665322E+018,Yes
1.59683848583894E+018,Yes
1.58678017647801E+018,Yes
1.58931750549069E+018,Yes
1.58898628262536E+018,Yes
1.59650149873291E+018,Yes
1.43962963391857E+018,No
1.58920748165321E+018,Yes
1.59358334079522E+018,Yes
1.43279034685392E+018,No
1.36055482535687E+018,No
1.59582403715836E+018,Yes
1.58738678233263E+018,No
1.44128297986775E+018,No
1.59480439348803E+018,No
1.58718986424382E+018,Yes
1.59757242193829E+018,Yes
1.35634786711654E+018,No
1.58559922960246E+018,Yes
1.41360199620509E+018,No
1.59693408268382E+018,Yes
1.59550477069707E+018,No
1.4034339782129E+018,No
1.38134537746769E+018,No
1.57700392789124E+018,Yes
1.59529603633509E+018,Yes
1.54662327046782E+018,Yes
1.58894096657222E+018,Yes
1.37871608782357E+018,No
1.58384656603242E+018,Yes
1.59295101301877E+018,Yes
1.54276900910334E+018,Yes
1.59038508330297E+018,Yes
1.36849648873368E+018,No
1.59620310281816E+018,Yes
1.43529911567667E+018,No
1.58462996909491E+018,Yes
1.58392645389664E+018,Yes
1.59654851198141E+018,Yes
1.59008588628034E+018,Yes
1.5897213044495E+018,Yes
1.59279600287207E+018,Yes
1.5965906627528E+018,Yes
1.42990519586625E+018,No
1.58563998992866E+018,Yes
1.44749256137595E+018,No
1.4364039502872E+018,Yes
1.40258942406862E+018,No
1.59146861470799E+018,Yes
1.59366938164039E+018,Yes
1.55778024096912E+018,Yes
1.59622106627141E+018,Yes
1.41496345805188E+018,No
1.42613031219554E+018,Yes
1.3538161567134E+018,No
1.59710361815471E+018,Yes
1.59205556199426E+018,Yes
1.58746451566651E+018,Yes
1.59799038855152E+018,Yes
1.55472441654166E+018,No
1.59606124127309E+018,Yes
1.59545439107876E+018,No
1.59169363902096E+018,Yes
1.56594641797737E+018,Yes
1.58679226439484E+018,Yes
1.59644500943976E+018,No
1.58425030873298E+018,No
1.57065384440483E+018,Yes
1.59115295255043E+018,Yes
1.59443092366308E+018,Yes
1.44461963261524E+018,No
1.59403086137199E+018,Yes
1.57498200117807E+018,Yes
1.59309302016521E+018,Yes
1.5854800586046E+018,Yes
1.5852880238304E+018,Yes
1.35222427784049E+018,No
1.59438611814484E+018,No
1.59716737010332E+018,Yes
1.59127895650195E+018,No
1.59769118457867E+018,Yes
1.57597745658215E+018,Yes
1.59226487208743E+018,Yes
1.54750424991911E+018,Yes
1.58823736768041E+018,Yes
1.5933092326062E+018,Yes
1.57148813530076E+018,Yes
1.58851316922746E+018,Yes
1.59151537523749E+018,No
1.59585911059947E+018,Yes
1.58627474315777E+018,Yes
1.55037117083433E+018,No
1.59367134649985E+018,Yes
1.58492960250108E+018,Yes
1.56216768264402E+018,Yes
1.58605529840579E+018,Yes
1.58895742073032E+018,Yes
1.59480019959955E+018,Yes
1.38022720917294E+018,No
1.59618403438375E+018,Yes
1.38748150668003E+018,No
1.5902819208477E+018,Yes
1.58571185179867E+018,Yes
1.59095347750893E+018,Yes
1.59222551123712E+018,Yes
1.38380351645236E+018,No
1.57225250420074E+018,Yes
1.59584639638897E+018,Yes
1.58456200851476E+018,Yes
1.59332479407371E+018,Yes
1.44728049694634E+018,No
1.58420673949036E+018,Yes
1.59210056440136E+018,Yes
1.40343332851097E+018,No
1.57228760819739E+018,Yes
1.42500574002097E+018,Yes
1.40956451974404E+018,No
1.58063169244795E+018,Yes
1.58608905490259E+018,Yes
1.59660478520515E+018,Yes
1.42207181264986E+018,No
1.59191658592904E+018,Yes
1.56137207324253E+018,Yes
1.35673425897555E+018,Yes
1.38531481478065E+018,No
1.59778335362907E+018,Yes
1.58532257930017E+018,Yes
1.59208115117035E+018,Yes
1.36288499022106E+018,Yes
1.56382865564576E+018,No
1.588135060536E+018,Yes
1.56468306359819E+018,Yes
1.58371300547248E+018,Yes
1.38713045390846E+018,No
1.59799492844064E+018,No
1.59365064304192E+018,Yes
1.58317739621968E+018,No
1.5945513445847E+018,No
1.58740441716216E+018,Yes
1.38920132189135E+018,Yes
1.54294416856524E+018,Yes
1.58026426565068E+018,Yes
1.41335288768257E+018,No
1.57811586495141E+018,Yes
1.37421882044595E+018,No
1.5938971483237E+018,Yes
1.55016784815616E+018,Yes
1.59793140009494E+018,Yes
1.39584815915953E+018,No
1.59401002675394E+018,Yes
1.43387735234649E+018,No
1.59141248156162E+018,Yes
1.35780339212348E+018,No
1.59799120389486E+018,Yes
1.59515083429971E+018,No
1.37988384206927E+018,No
1.57872927648811E+018,Yes
1.59398741999666E+018,Yes
1.36581008650607E+018,No
1.59080245582615E+018,Yes
1.59719725556789E+018,Yes
1.56269064360837E+018,Yes
1.365199549372E+018,No
1.42812727401721E+018,No
1.56830432972293E+018,Yes
1.56178489712309E+018,No
1.59658659924409E+018,No
1.58101635229459E+018,Yes
1.58459911427657E+018,Yes
1.42562126797408E+018,No
1.35529603803533E+018,No
1.59753119452642E+018,Yes
1.5939206359144E+018,Yes
1.58716957920947E+018,Yes
1.35051730430873E+018,No
1.40478333529819E+018,No
1.57555820062293E+018,Yes
1.58750650420206E+018,Yes
1.56092714503098E+018,Yes
1.59475480601443E+018,Yes
1.56067172433239E+018,Yes
1.40008427701498E+018,Yes
1.57877427067909E+018,Yes
1.56583488689168E+018,Yes
1.44384706277325E+018,No
1.57211476165094E+018,No
1.58590920680833E+018,Yes
1.40433078584333E+018,No
1.59771623637205E+018,Yes
1.57195557300408E+018,Yes
1.40975944580721E+018,No
1.56398851404751E+018,Yes
1.59765782530342E+018,No
1.34637860209114E+018,No
1.57915719327792E+018,Yes
1.5968351511827E+018,Yes
1.37005187464525E+018,No
1.59757306681269E+018,Yes
1.57572615806661E+018,Yes
1.59513553081097E+018,No
1.59659791458725E+018,Yes
1.45157664159194E+018,No
1.36394135128547E+018,No
1.5535274735598E+018,Yes
1.55344106315054E+018,No
1.59330898141763E+018,Yes
1.5806203243577E+018,Yes
1.5954797153427E+018,No
1.5827854187847E+018,Yes
1.58537888166139E+018,Yes
1.59515053090054E+018,No
1.59606355406225E+018,Yes
1.55218624882292E+018,Yes
1.44035051314534E+018,No
1.36889036154906E+018,No
1.59791849791675E+018,Yes
1.59507271956523E+018,No
1.58481300832841E+018,Yes
1.56954390858945E+018,Yes
1.55919181162468E+018,Yes
1.58713477726572E+018,Yes
1.41998339484753E+018,Yes
1.58601933724831E+018,Yes
1.54934153218825E+018,Yes
1.59754223761296E+018,Yes
1.34684700645991E+018,No
1.59189306965768E+018,Yes
1.5951230690009E+018,Yes
1.44110601338234E+018,Yes
1.3773045296628E+018,No
1.58572589790648E+018,Yes
1.5976437462622E+018,Yes
1.36933806409137E+018,No
1.41967258266045E+018,Yes
1.59615207176156E+018,Yes
1.34799941120965E+018,No
1.4312034634054E+018,No
1.59148424838878E+018,Yes
1.5947779548734E+018,Yes
1.59117224724659E+018,Yes
1.35906249366722E+018,No
1.59009542474802E+018,Yes
1.58307536720345E+018,Yes
1.41492074911933E+018,No
1.58981651273473E+018,No
1.59691194904375E+018,Yes
1.41738764788291E+018,No
1.59694578323623E+018,No
1.59384958668652E+018,Yes
1.57907332230194E+018,Yes
1.59282679006589E+018,Yes
1.58997674459306E+018,Yes
1.57744057992312E+018,Yes
1.41241670979807E+018,No
1.44030548936396E+018,No
1.41493064557971E+018,No
1.58738312215236E+018,Yes
1.58316520089913E+018,Yes
1.59437221390957E+018,Yes
1.59766636018811E+018,Yes
1.59717172269616E+018,No
1.59800441419926E+018,Yes
1.59415885475272E+018,No
1.39639355035977E+018,No
1.59021928317466E+018,Yes
1.34645714298806E+018,Yes
1.43980579759319E+018,No
1.54790148605879E+018,Yes
1.37986520759449E+018,Yes
1.5776389780309E+018,Yes
1.5848177859426E+018,Yes
1.35598472848724E+018,No
1.59680733424399E+018,Yes
1.58676588001219E+018,Yes
1.41757875462946E+018,No
1.59617781130306E+018,Yes
1.55760991309385E+018,Yes
1.58389598979393E+018,Yes
1.58492508984564E+018,Yes
1.34756085351677E+018,No
1.59799593790894E+018,Yes
1.58962902581078E+018,Yes
1.44311409221089E+018,Yes
1.58602637574756E+018,Yes
1.59497824959934E+018,Yes
1.58824700696256E+018,Yes
1.59102017297833E+018,Yes
1.35957097583099E+018,Yes
1.39191719328213E+018,No
1.55779851558529E+018,Yes
1.57396185582287E+018,Yes
1.57849548625991E+018,Yes
1.59762720477861E+018,No
1.59755522691493E+018,No
1.57172777741782E+018,Yes
1.59336960879858E+018,No
1.38453154529425E+018,No
1.58645159826738E+018,Yes
1.58848152526755E+018,Yes
1.59539679637692E+018,Yes
1.57520640401664E+018,Yes
1.59515595103185E+018,Yes
1.36392207802243E+018,No
1.59515698711719E+018,Yes
1.35506054966352E+018,No
1.44851693459776E+018,No
1.59442835510058E+018,Yes
1.58779652245592E+018,Yes
1.5856457992658E+018,Yes
1.59689435351522E+018,Yes
1.58462168534027E+018,No
1.59436731900176E+018,Yes
1.5942869225745E+018,Yes
1.58635042368581E+018,No
1.59432778451979E+018,Yes
1.59575990114973E+018,Yes
1.58860041438747E+018,Yes
1.59118717334442E+018,No
1.54288184583402E+018,Yes
1.39679775250447E+018,No
1.55487565484748E+018,Yes
1.59566154630639E+018,Yes
1.59756877968424E+018,Yes
1.5979991153798E+018,Yes
1.58907931226292E+018,No
1.5954781938379E+018,Yes
1.5864301340513E+018,Yes
1.39182848166796E+018,No
1.35946544881594E+018,No
1.57199826400984E+018,Yes
1.59293180093832E+018,Yes
1.58827246021837E+018,No
1.38863495869731E+018,No
1.59691031532918E+018,Yes
1.5790434801058E+018,Yes
1.59136330576287E+018,Yes
1.58101166391837E+018,Yes
1.5924215164695E+018,Yes
1.43768095396767E+018,No
1.57522487016142E+018,Yes
1.58666810790455E+018,Yes
1.39402518335533E+018,Yes
1.59353378708179E+018,Yes
1.59761602970151E+018,Yes
1.5963560271294E+018,Yes
1.56592992474931E+018,Yes
1.36176859021149E+018,No
1.37729502953912E+018,No
1.58603753557029E+018,Yes
1.58819551993071E+018,Yes
1.41795270913581E+018,No
1.58714595848323E+018,Yes
1.58896097828866E+018,Yes
1.5894990117229E+018,Yes
1.3947231117744E+018,No
1.56363328520871E+018,Yes
1.43552941486818E+018,No
1.58382057989894E+018,Yes
1.59530245441729E+018,No
1.58410130266537E+018,Yes
1.56852899416897E+018,Yes
1.58851719502564E+018,Yes
1.59498849798679E+018,Yes
1.41467180250115E+018,No
1.58952371569154E+018,Yes
1.5856716699638E+018,Yes
1.58970130104615E+018,Yes
1.59106515198098E+018,Yes
1.59537601380611E+018,No
1.58882983114737E+018,Yes
1.56249509591583E+018,Yes
1.54325379776558E+018,Yes
1.59621781103432E+018,Yes
1.54649566308046E+018,Yes
1.56812907814164E+018,Yes
1.59430471578914E+018,Yes
1.40178464196358E+018,Yes
1.58317562875259E+018,Yes
1.59548933841406E+018,Yes
1.43664413711416E+018,No
1.59797875745715E+018,Yes
1.58672548147859E+018,Yes
1.58600688844488E+018,Yes
1.55342777584708E+018,Yes
1.35442253183959E+018,No
1.57948944277114E+018,Yes
1.57721508603667E+018,Yes
1.58994238327347E+018,Yes
1.59000994449735E+018,Yes
1.59533376313069E+018,Yes
1.58631408615689E+018,No
1.59768931011483E+018,Yes
1.35994266623925E+018,No
1.58929970623638E+018,Yes
1.42753529539482E+018,No
1.34795774371031E+018,Yes
1.38661846193841E+018,No
1.59108208760338E+018,Yes
1.35205265489825E+018,No
1.59626666544408E+018,Yes
1.39353621475879E+018,No
1.59259715176223E+018,Yes
1.58952202758065E+018,Yes
1.39729864929879E+018,No
1.38551124199775E+018,No
1.58484809674324E+018,Yes
1.59605135496304E+018,Yes
1.59716969053489E+018,Yes
1.59732625202914E+018,No
1.38060194506127E+018,No
1.59753426583488E+018,Yes
1.58340841511141E+018,Yes
1.59714868948666E+018,Yes
1.59468630511573E+018,Yes
1.4392894335016E+018,No
1.5888384104162E+018,Yes
1.58554043766578E+018,Yes
1.59113146823478E+018,Yes
1.45237756700512E+018,No
1.563096719709E+018,Yes
1.56345696309821E+018,No
1.38751636678209E+018,No
1.59697003808257E+018,Yes
1.59037688816942E+018,Yes
1.35016769231408E+018,No
1.59769267296132E+018,Yes
1.57653710680911E+018,Yes
1.54876380270705E+018,No
1.59788136171687E+018,Yes
1.56501932117629E+018,Yes
1.43023738179853E+018,No
1.59205109918332E+018,No
1.5979744958052E+018,Yes
1.4380900609398E+018,No
1.58885854509285E+018,Yes
1.58881877160234E+018,Yes
1.42843454455488E+018,No
1.59644568351476E+018,Yes
1.55735797272402E+018,Yes
1.59467901950064E+018,Yes
1.54326476852966E+018,Yes
1.57797314734889E+018,Yes
1.58937163024916E+018,Yes
1.39927197120094E+018,No
1.56749036625277E+018,Yes
1.59775112976887E+018,Yes
1.59295223537738E+018,Yes
1.44147233718706E+018,No
1.594384888442E+018,No
1.59509645015713E+018,Yes
1.58993649697044E+018,Yes
1.40675708121927E+018,No
1.45400918526855E+018,No
1.43622035470858E+018,Yes
1.3878337153557E+018,No
1.42810531138302E+018,No
1.59062363698957E+018,Yes
1.59435789784827E+018,Yes
1.5866885480314E+018,Yes
1.5943803948786E+018,Yes
1.38452400938826E+018,No
1.37474679359079E+018,No
1.54938270161399E+018,Yes
1.59510458992948E+018,Yes
1.59650235820029E+018,Yes
1.59804756818517E+018,Yes
1.58639362186709E+018,Yes
1.42146068406857E+018,No
1.37441083526359E+018,Yes
1.57259065432834E+018,Yes
1.58401343552398E+018,Yes
1.59515998760484E+018,Yes
1.59462825125493E+018,Yes
1.45053461876409E+018,No
1.57071977898115E+018,Yes
1.59101310556347E+018,Yes
1.58717614067379E+018,Yes
1.58309636492943E+018,Yes
1.59001431099816E+018,Yes
1.36707993721623E+018,Yes
1.58781126496902E+018,Yes
1.58609514509872E+018,Yes
1.58385084935662E+018,Yes
1.59552933922697E+018,Yes
1.44069816640428E+018,No
1.54944821323259E+018,Yes
1.37262804175568E+018,Yes
1.58933218933827E+018,No
1.59796778094258E+018,Yes
1.59582061060055E+018,Yes
1.58522677981534E+018,No
1.58676292088467E+018,Yes
1.34674425651442E+018,No
1.59291543341774E+018,Yes
1.56652240847081E+018,Yes
1.39178664219376E+018,No
1.59580117068938E+018,Yes
1.54603675130263E+018,Yes
1.59333308726141E+018,Yes
1.59150513572508E+018,Yes
1.59799644905236E+018,Yes
1.59623111209087E+018,Yes
1.59547947946343E+018,No
1.36139086126379E+018,Yes
1.59716174966883E+018,Yes
1.5857309961459E+018,Yes
1.43860715862349E+018,No
1.44693336251446E+018,No
1.5520007649435E+018,Yes
1.59003096950728E+018,Yes
1.42913952231976E+018,No
1.38117527624424E+018,Yes
1.54935230488063E+018,Yes
1.58892802247192E+018,Yes
1.36632426455572E+018,No
1.58858136302823E+018,No
1.54715193708631E+018,Yes
1.40852992169412E+018,Yes
1.54285773157666E+018,No
1.5950800078939E+018,Yes
1.34530589963682E+018,No
1.58390083242407E+018,Yes
1.3825942499596E+018,No
1.59805756029236E+018,Yes
1.59439621487081E+018,Yes
1.55961203584283E+018,Yes
1.54365063451948E+018,Yes
1.58768383204783E+018,Yes
1.57376500535017E+018,No
1.59696139097501E+018,Yes
1.5969429792014E+018,Yes
1.5950573631318E+018,No
1.39509395155683E+018,No
1.58716765644405E+018,Yes
1.58500379061247E+018,Yes
1.35776807312262E+018,No
1.58638028293597E+018,Yes
1.57196602239928E+018,Yes
1.55701840758901E+018,Yes
1.40561508883748E+018,No
1.58358016037625E+018,Yes
1.36726444547129E+018,No
1.3929356088557E+018,No
1.43852249577931E+018,No
1.35261409015421E+018,No
1.596152636986E+018,Yes
1.59073972826075E+018,Yes
1.4236006398133E+018,No
1.59621989861466E+018,Yes
1.37765125010427E+018,No
1.59762372801556E+018,Yes
1.59622636129903E+018,Yes
1.58533361430415E+018,Yes
1.58520684508154E+018,Yes
1.58995184918007E+018,Yes
1.58822687926558E+018,Yes
1.5688021245653E+018,Yes
1.57227166020339E+018,Yes
1.58494647134593E+018,Yes
1.58640159692102E+018,Yes
1.44723769578115E+018,No
1.37409340784538E+018,No
1.59033122926546E+018,Yes
1.59759631948464E+018,Yes
1.5507605262585E+018,Yes
1.58752043427008E+018,Yes
1.59368079198849E+018,Yes
1.59763956286793E+018,Yes
1.58850301904986E+018,Yes
1.59005349508403E+018,No
1.59173103064962E+018,Yes
1.54523325577076E+018,Yes
1.58749479844496E+018,Yes
1.58245238669765E+018,Yes
1.59474961067695E+018,Yes
1.5907045294141E+018,No
1.42111569043467E+018,No
1.59567129810504E+018,Yes
1.57877260772948E+018,Yes
1.56468230674438E+018,No
1.58641633883843E+018,Yes
1.56022113429722E+018,Yes
1.58862439880602E+018,Yes
1.59496635195692E+018,Yes
1.59502556573587E+018,Yes
1.40203539886867E+018,No
1.57759113257337E+018,No
1.55012459913153E+018,Yes
1.58465274065521E+018,Yes
1.59515597197817E+018,Yes
1.40110446804178E+018,No
1.58954343813063E+018,No
1.56502333400125E+018,Yes
1.35734829001922E+018,No
1.39655493714495E+018,No
1.59727322965123E+018,Yes
1.58938074537383E+018,Yes
1.57030983129417E+018,No
1.43297076021846E+018,No
1.59352420910747E+018,Yes
1.54510007826799E+018,Yes
1.5896879108484E+018,Yes
1.58492087084531E+018,Yes
1.56466538166246E+018,Yes
1.5926351686655E+018,Yes
1.55730058315719E+018,Yes
1.34926441202098E+018,No
1.59674914597257E+018,Yes
1.5895366820426E+018,Yes
1.55705440730862E+018,Yes
1.59474587180717E+018,Yes
1.40732269696322E+018,No
1.44119342186394E+018,No
1.57949724074564E+018,Yes
1.3981596010912E+018,No
1.57843287032183E+018,Yes
1.5925686826892E+018,Yes
1.35290438505614E+018,No
1.59143641590023E+018,Yes
1.54468792526646E+018,Yes
1.38189912248407E+018,No
1.59679997924672E+018,No
1.58501438811689E+018,Yes
1.58925064391062E+018,Yes
1.59008080609289E+018,Yes
1.3994388722082E+018,No
1.59223631008485E+018,Yes
1.54623602110443E+018,Yes
1.54461418357624E+018,No
1.38409727459103E+018,No
1.43561980796609E+018,No
1.59440583563925E+018,Yes
1.58495999855515E+018,Yes
1.561342582483E+018,No
1.35116946910054E+018,No
1.58776349375067E+018,Yes
1.58603029142388E+018,No
1.58682367401498E+018,Yes
1.59178805757308E+018,Yes
1.59613846461284E+018,Yes
1.43231519303233E+018,No
1.59580107540308E+018,Yes
1.59285626481133E+018,Yes
1.58604916585905E+018,Yes
1.41574110757349E+018,No
1.56281687097296E+018,Yes
1.59467205703148E+018,Yes
1.59141750046996E+018,Yes
1.58440201288769E+018,Yes
1.45273367474353E+018,No
1.59009332099037E+018,Yes
1.36095628860847E+018,Yes
1.58590499150762E+018,No
1.59797070910327E+018,Yes
1.54890344685785E+018,Yes
1.37049893587848E+018,No
1.5436215913298E+018,Yes
1.35671814071822E+018,No
1.59511489874035E+018,Yes
1.59441172036128E+018,Yes
1.35761009469603E+018,No
1.37368988474193E+018,No
1.3532474996964E+018,No
1.56204077150676E+018,Yes
1.39762764256058E+018,No
1.56615521817326E+018,Yes
1.5848035072655E+018,Yes
1.59652579530416E+018,No
1.42810191232341E+018,No
1.56177752951764E+018,Yes
1.56979513171634E+018,No
1.5947683617997E+018,No
1.36018864834026E+018,No
1.57272211574426E+018,Yes
1.58861989580088E+018,Yes
1.59731770254023E+018,Yes
1.58308067281338E+018,Yes
1.543486364985E+018,Yes
1.58608587677735E+018,Yes
1.37829618766147E+018,No
1.59768935486811E+018,Yes
1.59725370486833E+018,Yes
1.43712767619676E+018,No
1.58894622552898E+018,Yes
1.38136746134223E+018,No
1.3979465769879E+018,No
1.59509754666958E+018,Yes
1.5826584334335E+018,Yes
1.56428437930374E+018,Yes
1.40561984936833E+018,Yes
1.36463065912641E+018,Yes
1.36896311929755E+018,No
1.34602180358879E+018,Yes
1.59553798815443E+018,Yes
1.58389152668951E+018,Yes
1.59762215368355E+018,Yes
1.59291935351076E+018,Yes
1.59688376639954E+018,Yes
1.59642538065071E+018,Yes
1.58461592573067E+018,Yes
1.59684380201401E+018,No
1.5953459847914E+018,Yes
1.5975353322996E+018,No
1.59495032604581E+018,Yes
1.59173804864306E+018,Yes
1.5980005834617E+018,No
1.59614737965631E+018,No
1.59254484821699E+018,Yes
1.59479298581172E+018,Yes
1.42149940423467E+018,Yes
1.44279359498161E+018,No
1.58830389120411E+018,No
1.58932728488411E+018,Yes
1.58931522732963E+018,Yes
1.40997375755759E+018,No
1.58316005600613E+018,Yes
1.5973276395842E+018,Yes
1.37155654389272E+018,No
1.5834972676294E+018,Yes
1.58309777492899E+018,Yes
1.43599477622722E+018,Yes
1.35520142459083E+018,No
1.35483470150521E+018,Yes
1.58900620126142E+018,Yes
1.59649669242094E+018,Yes
1.58137630893149E+018,No
1.59362839995581E+018,Yes
1.40051906149524E+018,No
1.59084779557319E+018,No
1.41211068456595E+018,No
1.5929256220868E+018,Yes
1.59714791018497E+018,Yes
1.59510756898441E+018,Yes
1.59256894832287E+018,Yes
1.59066753230612E+018,Yes
1.43224229055943E+018,No
1.58662517434191E+018,Yes
1.42051959214587E+018,No
1.36118610541303E+018,No
1.4547600227146E+018,Yes
1.55582202596021E+018,Yes
1.41158335990249E+018,No
1.58612509549122E+018,Yes
1.37257910220556E+018,Yes
1.57581796857941E+018,Yes
1.4396982288244E+018,No
1.40994081967568E+018,No
1.58895735794579E+018,Yes
1.56031624584876E+018,Yes
1.59250428074931E+018,Yes
1.5832716243125E+018,Yes
1.58748711528524E+018,Yes
1.59697403890293E+018,Yes
1.59329240444194E+018,Yes
1.59656967026577E+018,Yes
1.59075014080073E+018,Yes
1.55962427141195E+018,No
1.39509021569863E+018,No
1.36411278171748E+018,No
1.59692438898036E+018,Yes
1.43354071540615E+018,No
1.41422712909761E+018,No
1.58585290106248E+018,Yes
1.55769664897704E+018,Yes
1.59530132072193E+018,Yes
1.59800556890793E+018,Yes
1.56359900803081E+018,Yes
1.55888188566061E+018,Yes
1.59355156275184E+018,Yes
1.44698156137996E+018,No
1.55951000038038E+018,Yes
1.59064046921388E+018,No
1.59713593984682E+018,No
1.59656835481851E+018,No
1.45135343711173E+018,Yes
1.56648394967691E+018,Yes
1.43964821256708E+018,No
1.42831412229542E+018,No
1.59547994412101E+018,Yes
1.38627732070565E+018,No
1.36011565066506E+018,No
1.59061127838476E+018,Yes
1.5877661352059E+018,Yes
1.56071612849795E+018,Yes
1.43315647561097E+018,No
1.59150985538634E+018,Yes
1.40763278773421E+018,No
1.5969024794294E+018,Yes
1.58388574675825E+018,No
1.59280271067952E+018,Yes
1.45090556597527E+018,No
1.59623544330955E+018,Yes
1.57759328249382E+018,Yes
1.57860857225429E+018,No
1.5949067211972E+018,Yes
1.55999699884927E+018,Yes
1.59618540918011E+018,Yes
1.59697330690042E+018,Yes
1.58760999549915E+018,Yes
1.58440789279889E+018,Yes
1.59430822179939E+018,Yes
1.59057100945504E+018,No
1.42619686698796E+018,No
1.54866054046922E+018,Yes
1.45263239027111E+018,Yes
1.57354547425411E+018,Yes
1.59681563261156E+018,Yes
1.59258187455925E+018,Yes
1.58822309629261E+018,Yes
1.44473533960472E+018,No
1.54278128616676E+018,Yes
1.55152729042473E+018,Yes
1.58773516201977E+018,No
1.40117924536419E+018,No
1.5947775914325E+018,Yes
1.59505494648707E+018,Yes
1.44606480478392E+018,Yes
1.57883248583143E+018,No
1.59391746174901E+018,Yes
1.59615073644616E+018,Yes
1.5950946297411E+018,Yes
1.59478299532349E+018,Yes
1.59620855227604E+018,Yes
1.57069692718404E+018,Yes
1.58527737708044E+018,Yes
1.34653084822977E+018,No
1.58989889653628E+018,Yes
1.55479839159036E+018,Yes
1.43523541048621E+018,No
1.58988182594166E+018,Yes
1.43056054829543E+018,No
1.56939305141978E+018,Yes
1.55666863883654E+018,Yes
1.58789809821447E+018,Yes
1.54428393157872E+018,Yes
1.59515073517154E+018,Yes
1.59195267133407E+018,Yes
1.59277638198089E+018,Yes
1.58686094914265E+018,Yes
1.59637155698875E+018,No
1.5846098084597E+018,Yes
1.58280298135476E+018,Yes
1.38692744246868E+018,No
1.59001103490735E+018,Yes
1.34967469967712E+018,No
1.55511894064441E+018,Yes
1.38166294625484E+018,No
1.5841434483318E+018,Yes
1.39695643101065E+018,No
1.59686143889077E+018,No
1.59691371198522E+018,Yes
1.3990544038276E+018,No
1.44973677868506E+018,No
1.5837449003526E+018,Yes
1.58370315532115E+018,Yes
1.59653166582402E+018,Yes
1.44076266139059E+018,No
1.59512469109803E+018,Yes
1.37472634254624E+018,No
1.59690415135453E+018,Yes
1.59029689971358E+018,Yes
1.5871439521882E+018,Yes
1.57508884159753E+018,Yes
1.5870566712554E+018,Yes
1.34689035248198E+018,No
1.59367375271755E+018,Yes
1.40384250550703E+018,Yes
1.55477240434967E+018,Yes
1.59077580086931E+018,No
1.55760111802425E+018,Yes
1.54290659002142E+018,Yes
1.59444128801885E+018,Yes
1.58345434510168E+018,Yes
1.43847908054714E+018,No
1.585712278116E+018,Yes
1.59398214543709E+018,Yes
1.3971582676301E+018,No
1.58605414077335E+018,Yes
1.43176424352796E+018,No
1.59008472811528E+018,Yes
1.56504058168814E+018,Yes
1.59248373901545E+018,Yes
1.56718061877291E+018,Yes
1.35527421463962E+018,No
1.58460161231561E+018,Yes
1.59332349693079E+018,Yes
1.57417470627355E+018,Yes
1.58477634301504E+018,Yes
1.58516132739564E+018,Yes
1.59505260516805E+018,Yes
1.58925496945436E+018,Yes
1.35811823418522E+018,No
1.59732554850142E+018,Yes
1.4522441990642E+018,No
1.38528197799416E+018,No
1.59616887716721E+018,No
1.59801647279811E+018,No
1.35141390348657E+018,No
1.59442670804783E+018,Yes
1.37327448212781E+018,No
1.44931121623348E+018,No
1.59239894532553E+018,No
1.59298293892869E+018,Yes
1.4189672500533E+018,No
1.38808260535506E+018,No
1.59426722126562E+018,Yes
1.59047297701947E+018,No
1.39832044214287E+018,Yes
1.38379005147408E+018,No
1.38167007324976E+018,No
1.59478075497399E+018,Yes
1.35665979417055E+018,No
1.58413811464552E+018,Yes
1.58567206787732E+018,Yes
1.44584883840145E+018,No
1.58890517547274E+018,No
1.58874712844863E+018,Yes
1.35529889141613E+018,No
1.58937317846775E+018,Yes
1.59620165406754E+018,Yes
1.58821346062987E+018,Yes
1.58739361641421E+018,Yes
1.58896408734587E+018,No
1.59690700773007E+018,No
1.56300751319212E+018,No
1.38740996442411E+018,No
1.58492979629513E+018,Yes
1.5933256697018E+018,Yes
1.58594819422298E+018,Yes
1.40185300747879E+018,No
1.59010398965976E+018,Yes
1.59198764313887E+018,Yes
1.5954908565004E+018,Yes
1.59430804754293E+018,Yes
1.59553272751157E+018,Yes
1.58520752940701E+018,Yes
1.41850259203707E+018,No
1.4074253106316E+018,No
1.57935874343504E+018,Yes
1.58502492000607E+018,Yes
1.42821797919237E+018,No
1.56773367444298E+018,Yes
1.57040149885262E+018,Yes
1.5954907920717E+018,No
1.36988772383053E+018,Yes
1.59583203226905E+018,Yes
1.5841431984901E+018,Yes
1.59801961052336E+018,Yes
1.59761540023302E+018,Yes
1.58497719503377E+018,Yes
1.58560104866791E+018,No
1.58513361209749E+018,Yes
1.41958934250744E+018,No
1.36174205873884E+018,No
1.58756625018779E+018,Yes
1.5956412524517E+018,Yes
1.59763171847926E+018,Yes
1.38270810980687E+018,No
1.59616686060452E+018,No
1.58817633208876E+018,Yes
1.59155198076977E+018,Yes
1.59113293504591E+018,Yes
1.58521756004317E+018,Yes
1.58393584460315E+018,Yes
1.58965093499229E+018,Yes
1.59027065539594E+018,No
1.59532338383491E+018,Yes
1.45272810219973E+018,No
1.59751150235724E+018,No
1.58380244586754E+018,Yes
1.36951730347012E+018,No
1.59801974850758E+018,Yes
1.58520479958238E+018,Yes
1.59658473243924E+018,Yes
1.56405430808948E+018,Yes
1.58745477880784E+018,No
1.59006393308771E+018,Yes
1.58535306697049E+018,Yes
1.59115294241293E+018,Yes
1.58567599904757E+018,Yes
1.59796873601919E+018,Yes
1.56349549271752E+018,Yes
1.59517005389228E+018,Yes
1.44291650862406E+018,No
1.36531221886317E+018,No
1.57142907416936E+018,Yes
1.37074419736026E+018,Yes
1.39254338774887E+018,Yes
1.56887233049515E+018,No
1.56942379925412E+018,Yes
1.4257356638324E+018,No
1.55865760181411E+018,Yes
1.59695529679397E+018,Yes
1.44729624699415E+018,No
1.40009857205455E+018,No
1.56791757184396E+018,Yes
1.44654788793718E+018,No
1.56860606034418E+018,Yes
1.35151615976238E+018,Yes
1.57229717218775E+018,Yes
1.58921867701429E+018,Yes
1.55487269881951E+018,Yes
1.57012401028488E+018,Yes
1.59443675963866E+018,Yes
1.55225568951872E+018,No
1.42158862503744E+018,No
1.35311051499444E+018,No
1.41851764329278E+018,No
1.56934911002871E+018,Yes
1.59584017335446E+018,Yes
1.58375032115078E+018,Yes
1.59802339676737E+018,No
1.59249349571315E+018,Yes
1.37324591304136E+018,Yes
1.58601932469891E+018,Yes
1.37905526567747E+018,No
1.59733577438228E+018,Yes
1.5954162665416E+018,Yes
1.5950867297484E+018,Yes
1.56459038325803E+018,No
1.37533776221223E+018,No
1.5969607167788E+018,No
1.59277007652011E+018,Yes
1.59477171737293E+018,Yes
1.36608017033608E+018,No
1.41612647142118E+018,No
1.58081690347117E+018,Yes
1.55229854172441E+018,Yes
1.58343934153549E+018,Yes
1.59253847839883E+018,Yes
1.5849005110604E+018,Yes
1.55637718396635E+018,Yes
1.5744491773666E+018,Yes
1.59689297657135E+018,Yes
1.59396428622479E+018,Yes
1.43333176396794E+018,No
1.37582964205833E+018,No
1.55302223837856E+018,Yes
1.59316758104916E+018,Yes
1.59329114044224E+018,Yes
1.57708253972202E+018,Yes
1.3552419319038E+018,No
1.5979814751732E+018,Yes
1.58527688120455E+018,Yes
1.36414005098493E+018,No
1.59651725697209E+018,Yes
1.59222883185081E+018,Yes
1.59180766039496E+018,Yes
1.59364526672863E+018,Yes
1.39256859008004E+018,Yes
1.58571072869825E+018,Yes
1.59349975154634E+018,No
1.3882084193924E+018,Yes
1.58894216559371E+018,No
1.45482141934749E+018,No
1.59007918799784E+018,Yes
1.59724606033824E+018,Yes
1.59765271234651E+018,Yes
1.58828300760109E+018,Yes
1.58822108003616E+018,Yes
1.58558104060887E+018,Yes
1.59513685821173E+018,No
1.59620235486892E+018,Yes
1.58733946772309E+018,No
1.5878932640652E+018,Yes
1.58288394137125E+018,Yes
1.54798640516653E+018,Yes
1.55256024096465E+018,No
1.44980346601312E+018,Yes
1.39909466749348E+018,Yes
1.58967229321486E+018,No
1.59601267915162E+018,No
1.59681701340581E+018,Yes
1.59573326911049E+018,Yes
1.58814005518871E+018,Yes
1.59762370821424E+018,Yes
1.37755792937363E+018,No
1.37321972550586E+018,Yes
1.58645779952528E+018,Yes
1.42947568024121E+018,No
1.59507082786705E+018,Yes
1.59260101971156E+018,Yes
1.59002844386102E+018,Yes
1.59354610556379E+018,Yes
1.44698680255288E+018,No
1.58936371747648E+018,Yes
1.56357971000912E+018,Yes
1.5911819944821E+018,Yes
1.59686592806272E+018,No
1.5893753522245E+018,Yes
1.44609137151385E+018,No
1.5887138276962E+018,Yes
1.35444278448117E+018,No
1.55764509759598E+018,Yes
1.56889321755E+018,Yes
1.58312556621111E+018,Yes
1.58612487803759E+018,Yes
1.37900857427429E+018,No
1.41305526362041E+018,No
1.59439975519447E+018,Yes
1.56639223016796E+018,Yes
1.58571591914954E+018,Yes
1.59497235299529E+018,Yes
1.40343721999873E+018,No
1.54688482095288E+018,Yes
1.5918393177517E+018,Yes
1.57228848131307E+018,Yes
1.58488730178764E+018,Yes
1.59733529080879E+018,Yes
1.39000580658261E+018,Yes
1.59732390458585E+018,Yes
1.58896439303512E+018,No
1.36068067501214E+018,Yes
1.58812882570727E+018,No
1.43058086090705E+018,No
1.39397575643127E+018,No
1.58498229468254E+018,Yes
1.59547804971318E+018,Yes
1.59563721899502E+018,Yes
1.58534720821568E+018,Yes
1.59477269457428E+018,Yes
1.59798711931807E+018,Yes
1.5944229342147E+018,No
1.54909105491326E+018,Yes
1.59508879250307E+018,Yes
1.59657565304616E+018,Yes
1.42266866837949E+018,No
1.36274194474988E+018,No
1.3812901611458E+018,Yes
1.59042117483171E+018,Yes
1.41904649933425E+018,No
1.59500753344972E+018,Yes
1.58740963248987E+018,Yes
1.59581559076094E+018,Yes
1.35381210960856E+018,No
1.36066548575544E+018,No
1.59687187442375E+018,Yes
1.58673968214204E+018,No
1.35340322498065E+018,No
1.5835705904215E+018,Yes
1.59059155032908E+018,Yes
1.56800573588729E+018,Yes
1.59333298895951E+018,Yes
1.35625281915887E+018,No
1.59793159960961E+018,Yes
1.58316140377441E+018,No
1.42065227978336E+018,No
1.58851432183933E+018,Yes
1.59805794370625E+018,Yes
1.5965783282653E+018,Yes
1.5972042352127E+018,No
1.59619835950494E+018,Yes
1.58915122066477E+018,No
1.55998891785993E+018,Yes
1.59329743641552E+018,Yes
1.59441517784324E+018,Yes
1.59732244818928E+018,Yes
1.59098429518293E+018,Yes
1.59609095404982E+018,Yes
1.59136266788902E+018,Yes
1.5925696627387E+018,Yes
1.41163610495301E+018,No
1.59168018605092E+018,Yes
1.58311965730041E+018,Yes
1.34732194008055E+018,No
1.39352917208617E+018,No
1.39314764560303E+018,Yes
1.38894852361442E+018,No
1.58637569012277E+018,Yes
1.59480482894906E+018,Yes
1.59746909058279E+018,Yes
1.58825444150098E+018,Yes
1.59769427586492E+018,Yes
1.59373366321214E+018,Yes
1.59213841784816E+018,Yes
1.38623483410896E+018,No
1.58338954625054E+018,Yes
1.38746905420669E+018,No
1.40117499612752E+018,No
1.57874213684911E+018,No
1.58348303812176E+018,Yes
1.35190122456457E+018,No
1.59477113398692E+018,Yes
1.58873153568311E+018,Yes
1.58748650498476E+018,Yes
1.59661597333927E+018,Yes
1.5892645027715E+018,Yes
1.56815069081548E+018,Yes
1.38856855618338E+018,No
1.5859556835138E+018,Yes
1.58519267001594E+018,Yes
1.43632878671956E+018,Yes
1.59480044472707E+018,Yes
1.35638673238467E+018,No
1.5493435445859E+018,Yes
1.38426452413236E+018,No
1.59358033977504E+018,Yes
1.40992233245444E+018,No
1.58863544035745E+018,Yes
1.59076030677041E+018,Yes
1.37075976537521E+018,No
1.59781769939621E+018,Yes
1.59440334357265E+018,No
1.58591358006233E+018,Yes
1.58640071397796E+018,Yes
1.58601214686478E+018,Yes
1.37409966866629E+018,No
1.5955323267626E+018,Yes
1.37729757171934E+018,No
1.44505809339887E+018,No
1.38085810839056E+018,No
1.58418986796933E+018,Yes
1.58505677170969E+018,Yes
1.59753519941144E+018,Yes
1.59352147528948E+018,Yes
1.36685019883262E+018,No
1.57307383157251E+018,Yes
1.56277691305928E+018,Yes
1.55486625452731E+018,Yes
1.44176107477318E+018,Yes
1.43294122520895E+018,No
1.39894515942176E+018,No
1.40180786332931E+018,Yes
1.55480492257049E+018,Yes
1.57053006920168E+018,Yes
1.55809817235385E+018,No
1.54904077964073E+018,Yes
1.59654322901235E+018,Yes
1.34796747492751E+018,No
1.58535825723714E+018,Yes
1.54693390680035E+018,Yes
1.35373037689261E+018,No
1.36388891114408E+018,No
1.59648189024846E+018,Yes
1.35526312740802E+018,Yes
1.59752169345479E+018,No
1.42975042732367E+018,Yes
1.59075935270485E+018,Yes
1.59514855416281E+018,Yes
1.58027674075231E+018,Yes
1.59678746885004E+018,Yes
1.44368377139244E+018,No
1.58532618111277E+018,Yes
1.59246764588208E+018,Yes
1.59687468050951E+018,Yes
1.58415988668579E+018,Yes
1.38594126134182E+018,No
1.59077905172753E+018,No
1.44897506792115E+018,No
1.40555925845693E+018,Yes
1.59692881509548E+018,No
1.59547850392704E+018,Yes
1.59464524378955E+018,No
1.58345546390322E+018,Yes
1.59723921963391E+018,No
1.59039644890209E+018,Yes
1.56961304994589E+018,Yes
1.5504284913043E+018,Yes
1.58758396408831E+018,Yes
1.57196512779214E+018,Yes
1.59687755708513E+018,Yes
1.44933279716918E+018,No
1.5952799689421E+018,No
1.59331414906449E+018,Yes
1.59582390119551E+018,No
1.5962256576372E+018,No
1.58465881300075E+018,Yes
1.37444336419242E+018,No
1.58951778111209E+018,Yes
1.59149309560213E+018,Yes
1.59653851817168E+018,Yes
1.37616908290353E+018,No
1.42286694318749E+018,No
1.43955901314706E+018,No
1.41504440727597E+018,No
1.58826145496415E+018,No
1.38996466548524E+018,No
1.59401076681802E+018,Yes
1.59731069853069E+018,Yes
1.59040970916905E+018,No
1.38285316140533E+018,No
1.58931675940365E+018,Yes
1.39759948616847E+018,Yes
1.35084364131777E+018,No
1.59072864162507E+018,Yes
1.38064414730926E+018,No
1.58498990653929E+018,Yes
1.58558544693925E+018,Yes
1.59574701735514E+018,Yes
1.58865943011498E+018,Yes
1.54723347483002E+018,No
1.58603018153351E+018,Yes
1.35634587988048E+018,No
1.59550613190805E+018,Yes
1.58423437060427E+018,Yes
1.58517702137387E+018,Yes
1.58820353612236E+018,Yes
1.59653950090955E+018,Yes
1.59436161898448E+018,Yes
1.58745302671293E+018,Yes
1.58573629522117E+018,Yes
1.59642565410646E+018,Yes
1.35298847623762E+018,No
1.34618546071713E+018,No
1.37116122611443E+018,No
1.59680037636311E+018,Yes
1.55555573071083E+018,Yes
1.58350086351529E+018,No
1.42290714562065E+018,No
1.40841129290644E+018,No
1.38449341487241E+018,No
1.56498287645787E+018,Yes
1.40791980187656E+018,No
1.58602358855739E+018,Yes
1.59356581860812E+018,Yes
1.59425764862239E+018,Yes
1.58679850504944E+018,Yes
1.40037908668649E+018,No
1.58514097247187E+018,Yes
1.34611371167365E+018,No
1.35550742379724E+018,Yes
1.37305434953921E+018,No
1.58673900087374E+018,Yes
1.38807518143708E+018,Yes
1.58628366942539E+018,Yes
1.58781086789846E+018,No
1.59612803626879E+018,Yes
1.59682256111505E+018,No
1.56793155921009E+018,Yes
1.59428758940572E+018,No
1.5855742015111E+018,Yes
1.5755499021211E+018,No
1.57905867968427E+018,Yes
1.59623048814622E+018,Yes
1.45114370219022E+018,No
1.58423586849091E+018,Yes
1.59663153936596E+018,Yes
1.59621148476952E+018,Yes
1.59473720394668E+018,No
1.55576381680123E+018,Yes
1.59222813272323E+018,Yes
1.58345125107678E+018,Yes
1.43784610302677E+018,No
1.59547321160457E+018,No
1.4538429507279E+018,No
1.44975299430879E+018,No
1.43203194958606E+018,No
1.55770035448933E+018,No
1.54472039880525E+018,Yes
1.59429537301039E+018,Yes
1.59359035413729E+018,Yes
1.34780877420412E+018,Yes
1.41900809460089E+018,No
1.58523051218814E+018,Yes
1.59547328701817E+018,Yes
1.57409636952192E+018,Yes
1.55445933497269E+018,Yes
1.59797868375483E+018,Yes
1.45116818225381E+018,No
1.5660030755921E+018,Yes
1.54475291545747E+018,Yes
1.58939712108589E+018,Yes
1.43489567860666E+018,No
1.59789615588692E+018,Yes
1.59574061072766E+018,No
1.36341123151688E+018,No
1.59510215688942E+018,Yes
1.59020893650586E+018,Yes
1.54316405228477E+018,Yes
1.57737920553229E+018,Yes
1.58558294124107E+018,Yes
1.59148103693621E+018,Yes
1.58642791320087E+018,Yes
1.59653144688133E+018,Yes
1.59760086490639E+018,Yes
1.5953662461277E+018,Yes
1.58604464070028E+018,No
1.59515605319669E+018,Yes
1.59026575442723E+018,Yes
1.45084249704806E+018,No
1.58928847781616E+018,Yes
1.58538037255223E+018,Yes
1.59478939661567E+018,No
1.54829736646517E+018,Yes
1.59733799954484E+018,Yes
1.36885142665135E+018,Yes
1.36522601877727E+018,Yes
1.59443202461347E+018,Yes
1.58281476007225E+018,Yes
1.39245993749061E+018,No
1.56579869802992E+018,No
1.5928109659212E+018,Yes
1.54465384519166E+018,No
1.58557077162311E+018,Yes
1.57607342316785E+018,Yes
1.59799411843242E+018,No
1.56271120211104E+018,Yes
1.58587432653604E+018,Yes
1.55911688624746E+018,Yes
1.54683049328236E+018,Yes
1.39363500446334E+018,No
1.58716748967438E+018,Yes
1.38279912072167E+018,Yes
1.58816484005662E+018,Yes
1.59002818229969E+018,Yes
1.38593831861396E+018,No
1.58815736029562E+018,Yes
1.59570699468973E+018,Yes
1.57772415150637E+018,Yes
1.58922181755775E+018,Yes
1.58476346823399E+018,Yes
1.57026617009517E+018,Yes
1.45445253030236E+018,Yes
1.35474319980227E+018,No
1.58460992702448E+018,Yes
1.58341919559296E+018,No
1.58636985585463E+018,No
1.5932755411043E+018,No
1.38192468593233E+018,No
1.37505735872075E+018,No
1.54651021636731E+018,No
1.3957870569415E+018,No
1.58271235514991E+018,Yes
1.37881687695283E+018,No
1.59798052758764E+018,Yes
1.59104712826018E+018,Yes
1.59694692850349E+018,Yes
1.36604721568123E+018,No
1.56240470199551E+018,No
1.58794109903257E+018,Yes
1.59057868640249E+018,Yes
1.59330061100871E+018,Yes
1.57723877634225E+018,Yes
1.58787750924427E+018,Yes
1.36281547551693E+018,Yes
1.58675709258471E+018,Yes
1.58348493135473E+018,Yes
1.59547425635957E+018,Yes
1.35406981857248E+018,No
1.59758251540104E+018,Yes
1.59731942694022E+018,Yes
1.58433574133289E+018,Yes
1.37180208095712E+018,No
1.58968003652918E+018,Yes
1.59256328047182E+018,Yes
1.58645783342755E+018,Yes
1.58782175795581E+018,Yes
1.54609115181139E+018,No
1.34821203558736E+018,No
1.58699948825786E+018,Yes
1.59489888057066E+018,Yes
1.59510797198151E+018,No
1.58371277861932E+018,Yes
1.59006986814529E+018,Yes
1.3641351696246E+018,No
1.55744899651542E+018,Yes
1.59184367091909E+018,Yes
1.58371809653511E+018,Yes
1.59515112764057E+018,Yes
1.5860378126628E+018,Yes
1.59439765089983E+018,Yes
1.59337484993786E+018,Yes
1.56388559958465E+018,Yes
1.56495509590478E+018,Yes
1.45008554348059E+018,No
1.59246481672333E+018,Yes
1.58826549360509E+018,Yes
1.57335870600343E+018,Yes
1.35635268723587E+018,No
1.59552134358751E+018,Yes
1.5838892686356E+018,Yes
1.56281347001775E+018,Yes
1.57882497220977E+018,Yes
1.40331655741413E+018,No
1.55485690316706E+018,Yes
1.58104014324637E+018,No
1.59732713655753E+018,Yes
1.59082168457117E+018,Yes
1.37155077292891E+018,No
1.57756029066487E+018,Yes
1.58448077962284E+018,Yes
1.5848323891338E+018,Yes
1.59433477696169E+018,Yes
1.58076570520023E+018,Yes
1.59691485914874E+018,No
1.35998103028807E+018,Yes
1.58462549592823E+018,Yes
1.42588256809699E+018,Yes
1.44656885947401E+018,No
1.59327068913346E+018,Yes
1.55670943958711E+018,Yes
1.43093995331648E+018,No
1.39589476544356E+018,No
1.35161769046146E+018,No
1.44836031299074E+018,Yes
1.36745188221878E+018,No
1.59568937795887E+018,No
1.55951590459727E+018,Yes
1.58864316629881E+018,Yes
1.59137683422614E+018,Yes
1.3624569984036E+018,Yes
1.42284320972251E+018,No
1.57328204709493E+018,Yes
1.59590323316343E+018,No
1.54476517470335E+018,Yes
1.3617306863198E+018,Yes
1.40148341001986E+018,No
1.59268685172245E+018,Yes
1.58861589834815E+018,No
1.42319113312392E+018,No
1.34541574341705E+018,No
1.59392299388098E+018,Yes
1.57378410998553E+018,Yes
1.58773561526896E+018,Yes
1.59147605880068E+018,Yes
1.35776965314211E+018,Yes
1.59662454862739E+018,Yes
1.59433848359394E+018,No
1.59565832120538E+018,Yes
1.59713134611543E+018,Yes
1.59429775714956E+018,Yes
1.58559854235314E+018,No
1.40453296179457E+018,No
1.59801481150978E+018,Yes
1.59789929406519E+018,Yes
1.59748608789488E+018,No
1.59770726562019E+018,Yes
1.59509031046338E+018,Yes
1.58372250395588E+018,No
1.59429881291024E+018,Yes
1.39795393298762E+018,Yes
1.41143486348861E+018,Yes
1.59732540137813E+018,No
1.56385051323337E+018,Yes
1.58499402380195E+018,Yes
1.4092335140721E+018,No
1.39346194242617E+018,No
1.42485573199241E+018,No
1.56759000425524E+018,Yes
1.41345420065932E+018,Yes
1.57591866214989E+018,Yes
1.58864399868771E+018,Yes
1.58784460177536E+018,Yes
1.45151421483361E+018,No
1.5513064068291E+018,Yes
1.58489869379433E+018,Yes
1.5873776787468E+018,Yes
1.58862281050282E+018,Yes
1.5794030444117E+018,Yes
1.59546595452743E+018,No
1.45111010161666E+018,No
1.4299164689055E+018,No
1.35335693913734E+018,No
1.40733370406271E+018,No
1.58059333208208E+018,Yes
1.58423414210313E+018,No
1.59380100952399E+018,Yes
1.56705143099274E+018,No
1.59537001773818E+018,Yes
1.44133740097047E+018,No
1.36426777089712E+018,Yes
1.59509897376079E+018,Yes
1.58564276170898E+018,Yes
1.59790475723805E+018,Yes
1.59787461689436E+018,Yes
1.59752489341095E+018,No
1.59104007215317E+018,Yes
1.58493990450454E+018,Yes
1.59008209367743E+018,No
1.5841375380919E+018,Yes
1.59510210121404E+018,No
1.59633617522827E+018,No
1.59622099085365E+018,Yes
1.593532987681E+018,Yes
1.58398857095166E+018,Yes
1.42558149799046E+018,No
1.59079355833571E+018,Yes
1.58569184498536E+018,Yes
1.57700318575947E+018,Yes
1.4161219919171E+018,No
1.58354421873517E+018,Yes
1.58533493046447E+018,No
1.57702698583388E+018,Yes
1.59105552291217E+018,Yes
1.59570856383362E+018,Yes
1.5944258914884E+018,Yes
1.58551618940452E+018,Yes
1.54857128562551E+018,No
1.56756712491422E+018,No
1.5689607495061E+018,Yes
1.59280115161933E+018,Yes
1.58351515951911E+018,Yes
1.5938943223945E+018,No
1.59158925009266E+018,Yes
1.59749135273172E+018,Yes
1.59648333357138E+018,Yes
1.57632323001688E+018,No
1.56610207405559E+018,Yes
1.54421644733288E+018,No
1.59758315483105E+018,Yes
1.55653034404371E+018,No
1.59746072047583E+018,Yes
1.56178046201991E+018,Yes
1.59683841927919E+018,Yes
1.58631321009298E+018,Yes
1.59335208897685E+018,No
1.37306789252741E+018,Yes
1.36644403332168E+018,Yes
1.58998158689989E+018,Yes
1.43347418783902E+018,No
1.5940368807896E+018,Yes
1.59764720897893E+018,Yes
1.58707726350126E+018,No
1.59548592224562E+018,No
1.58570660672079E+018,Yes
1.58989238809253E+018,Yes
1.58821079384115E+018,Yes
1.3975494418555E+018,No
1.34618704405425E+018,No
1.41312498178194E+018,No
1.59656974330534E+018,Yes
1.58972657603147E+018,Yes
1.58665920443315E+018,Yes
1.5968461207473E+018,Yes
1.42692889259037E+018,No
1.5839446063452E+018,Yes
1.58739826408055E+018,No
1.59353526652595E+018,Yes
1.44938924033324E+018,No
1.35778676797862E+018,No
1.59067334548541E+018,No
1.59042194795518E+018,Yes
1.58393135084302E+018,Yes
1.59481507754216E+018,Yes
1.56753757398304E+018,Yes
1.59692984813159E+018,Yes
1.58990378927196E+018,Yes
1.36293124586546E+018,No
1.58713543509606E+018,Yes
1.35114153084999E+018,No
1.3750560551059E+018,No
1.4449434702175E+018,No
1.42912291204544E+018,No
1.58811766022679E+018,Yes
1.58808390937124E+018,Yes
1.59032618220518E+018,Yes
1.59652012083422E+018,Yes
1.38925805278895E+018,No
1.58779160255002E+018,Yes
1.55825442059649E+018,Yes
1.57513950311898E+018,Yes
1.39616171943783E+018,No
1.5962117371956E+018,Yes
1.40548691218649E+018,Yes
1.59439464683849E+018,Yes
1.59114612471421E+018,Yes
1.59009812775925E+018,Yes
1.34982706155326E+018,No
1.59644993160633E+018,Yes
1.54888550615862E+018,Yes
1.58615674474058E+018,Yes
1.59572707657692E+018,Yes
1.40590372028253E+018,No
1.59289386154187E+018,Yes
1.5903484537289E+018,Yes
1.58925071539833E+018,Yes
1.59685311470726E+018,Yes
1.59581446303032E+018,Yes
1.59510139899108E+018,Yes
1.59798257561985E+018,Yes
1.58789568185935E+018,Yes
1.58792069299322E+018,Yes
1.59610825286524E+018,Yes
1.57252278994875E+018,Yes
1.40451298472727E+018,Yes
1.59714218006141E+018,Yes
1.5547727026234E+018,Yes
1.57557307811695E+018,Yes
1.58609237655627E+018,Yes
1.4077742691705E+018,No
1.58394063028305E+018,No
1.35780486933637E+018,No
1.5839294353002E+018,Yes
1.59357256749912E+018,No
1.55486393592854E+018,Yes
1.59606264456122E+018,Yes
1.58679803894062E+018,Yes
1.57882663319649E+018,No
1.59798706081172E+018,Yes
1.36704841071768E+018,No
1.59689093648286E+018,Yes
1.59205212743811E+018,No
1.59113297914901E+018,Yes
1.58647627425123E+018,Yes
1.59547296149403E+018,Yes
1.59475750369873E+018,Yes
1.5949863720284E+018,Yes
1.58199646657842E+018,Yes
1.55957896841159E+018,Yes
1.37366551877167E+018,No
1.58752472664089E+018,Yes
1.59334116044517E+018,Yes
1.42365118914571E+018,No
1.42824773486429E+018,No
1.59731639307849E+018,Yes
1.37432736990167E+018,Yes
1.59077736573895E+018,Yes
1.59585828711893E+018,Yes
1.59044559177528E+018,Yes
1.59654079191649E+018,Yes
1.58915629514348E+018,Yes
1.59723192113392E+018,No
1.58446069995836E+018,Yes
1.58967814438639E+018,Yes
1.56828177704276E+018,Yes
1.596169259218E+018,No
1.5881919968328E+018,Yes
1.58810087154775E+018,Yes
1.59115391102054E+018,Yes
1.58769298874191E+018,Yes
1.59320210850095E+018,Yes
1.58357554875993E+018,Yes
1.59766022200876E+018,Yes
1.56903453761878E+018,Yes
1.57647087934494E+018,Yes
1.59764734909838E+018,Yes
1.56792322342928E+018,Yes
1.59546266326555E+018,Yes
1.58534073973028E+018,Yes
1.58520246066195E+018,Yes
1.5461092446673E+018,Yes
1.39113647474202E+018,No
1.44898027473433E+018,Yes
1.55525848327613E+018,Yes
1.34653891637196E+018,No
1.42046383558513E+018,No
1.44351442509752E+018,No
1.59624502753742E+018,No
1.36524721090508E+018,No
1.59421288616715E+018,Yes
1.45191088483042E+018,No
1.41825523507672E+018,No
1.59790101063861E+018,Yes
1.58464760868065E+018,Yes
1.59439638446313E+018,Yes
1.34722901445334E+018,No
1.59222062681493E+018,Yes
1.58620525220187E+018,No
1.57837407564242E+018,Yes
1.59532581448837E+018,Yes
1.55362699038466E+018,Yes
1.42326350582275E+018,No
1.58381166964954E+018,Yes
1.36751780452258E+018,No
1.39864987287882E+018,Yes
1.5904080836875E+018,Yes
1.58040536577822E+018,No
1.58628401884847E+018,Yes
1.59680406358009E+018,No
1.57227766179549E+018,Yes
1.55736816066754E+018,Yes
1.55418747996773E+018,Yes
1.59440930577997E+018,Yes
1.40020043574348E+018,No
1.37872942490913E+018,No
1.58412965647077E+018,Yes
1.43016936319845E+018,No
1.58805499502651E+018,Yes
1.58336701500766E+018,Yes
1.59255478618413E+018,Yes
1.59578578954318E+018,No
1.39368971160508E+018,No
1.59547587567129E+018,Yes
1.54366400580958E+018,Yes
1.59649912662313E+018,Yes
1.58904337070572E+018,Yes
1.59438485851146E+018,Yes
1.58786509321952E+018,Yes
1.59095336813844E+018,Yes
1.59638889977732E+018,Yes
1.43861984765147E+018,No
1.59797654860664E+018,Yes
1.58816331792692E+018,Yes
1.58711322904151E+018,Yes
1.58803976115923E+018,No
1.59436544990684E+018,Yes
1.59687520594253E+018,No
1.59769672078343E+018,No
1.59684948402124E+018,Yes
1.41688474664325E+018,No
1.59407774934534E+018,Yes
1.43339908255548E+018,Yes
1.36394055098296E+018,No
1.57406479550192E+018,Yes
1.43298497849369E+018,No
1.39487388944926E+018,Yes
1.59135374874785E+018,Yes
1.59294374856806E+018,Yes
1.59714319157636E+018,No
1.54316583208736E+018,Yes
1.54643411099396E+018,Yes
1.59478336020697E+018,Yes
1.42915781659453E+018,No
1.58589748913528E+018,Yes
1.59690660797131E+018,Yes
1.58593930005905E+018,Yes
1.58553597364695E+018,No
1.40033477677142E+018,No
1.56540368893559E+018,Yes
1.55762934491433E+018,Yes
1.59279791905246E+018,Yes
1.35277804048555E+018,No
1.37077066846013E+018,No
1.59727155831338E+018,Yes
1.58406686639738E+018,Yes
1.58786834679987E+018,Yes
1.58590744621581E+018,Yes
1.45339950036675E+018,No
1.58480713487706E+018,Yes
1.59794481731242E+018,No
1.36217338546011E+018,No
1.59550150346428E+018,Yes
1.59802053579521E+018,Yes
1.59435279536424E+018,Yes
1.36899957367548E+018,No
1.58803331783169E+018,Yes
1.36557943125589E+018,No
1.45264394977301E+018,No
1.37034733861569E+018,No
1.59066747945368E+018,No
1.58956509388882E+018,Yes
1.5831167152566E+018,Yes
1.36525822010585E+018,No
1.58858348485951E+018,Yes
1.59516265726673E+018,Yes
1.34892279353509E+018,No
1.3519974989493E+018,No
1.57662107465712E+018,Yes
1.34976538596968E+018,Yes
1.57701654022594E+018,No
1.58421738376148E+018,Yes
1.58632576006697E+018,Yes
1.5954669888302E+018,No
1.59326511261757E+018,Yes
1.4508526783141E+018,Yes
1.5830847042236E+018,Yes
1.59501607498614E+018,Yes
1.59611584100709E+018,Yes
1.58887744032297E+018,Yes
1.57410386964222E+018,Yes
1.58901800730903E+018,Yes
1.55381239608662E+018,Yes
1.59536795431258E+018,No
1.58772403896464E+018,Yes
1.59367678387801E+018,Yes
1.59493704285281E+018,Yes
1.59502219598171E+018,Yes
1.59575854506825E+018,Yes
1.39365425841591E+018,No
1.56855686183358E+018,Yes
1.58521777435145E+018,Yes
1.58346493278358E+018,Yes
1.59474910356898E+018,Yes
1.40858607290957E+018,Yes
1.59661437960024E+018,Yes
1.39580910305068E+018,No
1.59563582392744E+018,No
1.59688378766082E+018,No
1.38606259376115E+018,No
1.59075526536369E+018,Yes
1.59314059691049E+018,Yes
1.5602202869848E+018,Yes
1.59695277589594E+018,Yes
1.42401822217779E+018,No
1.59495288679841E+018,Yes
1.57553995532508E+018,Yes
1.58460641553184E+018,Yes
1.59694310808398E+018,Yes
1.36209280068316E+018,Yes
1.58812003121232E+018,Yes
1.54696987947501E+018,No
1.59692824911193E+018,Yes
1.34543478261279E+018,No
1.59364363877229E+018,Yes
1.43048135859029E+018,No
1.58002264276537E+018,Yes
1.56521347969859E+018,Yes
1.59282619053181E+018,Yes
1.59732720742448E+018,Yes
1.37776181530057E+018,No
1.5904012658754E+018,Yes
1.43183047787101E+018,No
1.59770720960947E+018,Yes
1.59641619075449E+018,Yes
1.56426925344396E+018,Yes
1.59441029639058E+018,Yes
1.4548081590555E+018,No
1.56649073359889E+018,Yes
1.5929702121395E+018,No
1.59734435806742E+018,Yes
1.58819748772628E+018,Yes
1.55533558748543E+018,No
1.59755369165741E+018,Yes
1.58931277785193E+018,Yes
1.58750905652415E+018,Yes
1.59785282878954E+018,No
1.36282813641775E+018,Yes
1.58998448628842E+018,Yes
1.37986504528751E+018,No
1.55779040959788E+018,Yes
1.39241386724282E+018,No
1.59314922197237E+018,No
1.42569742395191E+018,No
1.38011828098846E+018,No
1.59758760523507E+018,Yes
1.55698164387692E+018,Yes
1.4075789202712E+018,No
1.58976812939546E+018,Yes
1.58524600703341E+018,Yes
1.59397011553585E+018,Yes
1.54947578753081E+018,Yes
1.58788670731964E+018,Yes
1.43509820099469E+018,No
1.55745022818541E+018,Yes
1.54617221632856E+018,Yes
1.58325029573981E+018,Yes
1.59682770175909E+018,Yes
1.5835269202556E+018,Yes
1.36424782947722E+018,No
1.59550679001945E+018,No
1.59784982780277E+018,Yes
1.56861390677972E+018,Yes
1.37247877527182E+018,No
1.59547184991121E+018,Yes
1.58609970057862E+018,No
1.58817997366736E+018,Yes
1.58570987857583E+018,Yes
1.58623446156946E+018,Yes
1.59471569352144E+018,Yes
1.59725804627075E+018,Yes
1.58968605850117E+018,Yes
1.37446846499216E+018,No
1.58731717482118E+018,Yes
1.57471546381213E+018,Yes
1.59391961865726E+018,Yes
1.5855672091197E+018,Yes
1.59733634922044E+018,Yes
1.40982258393609E+018,No
1.34870176962756E+018,No
1.58010417431828E+018,Yes
1.59511831878425E+018,Yes
1.56289202767909E+018,Yes
1.57003644034348E+018,Yes
1.41508192531691E+018,No
1.58995780617388E+018,Yes
1.59258506699539E+018,Yes
1.5823816080106E+018,No
1.59441384090908E+018,No
1.37159857623369E+018,No
1.58647550834218E+018,Yes
1.58973125375801E+018,Yes
1.59800130272583E+018,Yes
1.57974834412952E+018,Yes
1.34938973865924E+018,No
1.56024332840639E+018,Yes
1.56201295884624E+018,Yes
1.58498651604828E+018,Yes
1.58426022348915E+018,Yes
1.57519763580348E+018,Yes
1.59547289927984E+018,No
1.58605989231354E+018,Yes
1.59391010254888E+018,Yes
1.58462475140583E+018,Yes
1.58657485172415E+018,Yes
1.59479085469021E+018,Yes
1.58884155613158E+018,Yes
1.58593026678655E+018,Yes
1.57844645904503E+018,Yes
1.59618092201742E+018,Yes
1.59502684933532E+018,No
1.44217315798144E+018,No
1.59436115926789E+018,Yes
1.59680130177788E+018,Yes
1.58639082116287E+018,Yes
1.59279940198638E+018,Yes
1.37578031159485E+018,No
1.55811364900436E+018,Yes
1.41378240663775E+018,No
1.58715473083234E+018,Yes
1.39857849249796E+018,No
1.57770277838586E+018,Yes
1.59442989883116E+018,Yes
1.39964433017276E+018,Yes
1.58488301124153E+018,Yes
1.5860309107801E+018,Yes
1.40780962714474E+018,No
1.59550759875268E+018,Yes
1.58406030211485E+018,No
1.58249513209155E+018,Yes
1.56570394253274E+018,Yes
1.58930083093032E+018,Yes
1.59258690750213E+018,Yes
1.59539165118645E+018,Yes
1.59458541713899E+018,Yes
1.59097662573449E+018,Yes
1.59799538723075E+018,Yes
1.42610303747972E+018,No
1.57476634221284E+018,Yes
1.41419714025194E+018,No
1.58559913339344E+018,Yes
1.45265032678864E+018,No
1.59720519260872E+018,Yes
1.44986488991749E+018,No
1.36931058844324E+018,No
1.5936585425647E+018,Yes
1.59388864130632E+018,No
1.59685924229179E+018,Yes
1.58533478701508E+018,Yes
1.38772180588921E+018,No
1.3483113084506E+018,No
1.59329016208318E+018,Yes
1.59437291938319E+018,Yes
1.58420551810904E+018,Yes
1.36966156569642E+018,Yes
1.37842370291266E+018,No
1.59043329059888E+018,Yes
1.36275403186998E+018,Yes
1.57351785365501E+018,Yes
1.59179357400531E+018,Yes
1.59781003950658E+018,Yes
1.55836008880448E+018,Yes
1.59417463873695E+018,Yes
1.35557629344267E+018,No
1.58784574200087E+018,No
1.59549217709379E+018,Yes
1.59260801418779E+018,Yes
1.58311002176398E+018,Yes
1.59612933761049E+018,No
1.394923908219E+018,No
1.56614487422688E+018,Yes
1.35337865051997E+018,No
1.59697446218409E+018,Yes
1.59754289504913E+018,Yes
1.59438533411208E+018,Yes
1.58778999346797E+018,Yes
1.59647142404227E+018,No
1.59023063763757E+018,Yes
1.55381358751634E+018,Yes
1.59649298829277E+018,Yes
1.58895689740281E+018,No
1.55222285511869E+018,Yes
1.35596677645095E+018,No
1.59727918312586E+018,Yes
1.55915300242608E+018,Yes
1.4366648934663E+018,No
1.5853063421723E+018,No
1.59079791701029E+018,Yes
1.59725497835518E+018,No
1.59795446022317E+018,Yes
1.59468929951324E+018,Yes
1.56908660073429E+018,Yes
1.5657633273804E+018,Yes
1.59078075712314E+018,Yes
1.39069759286294E+018,No
1.54289392541287E+018,Yes
1.59226157738176E+018,Yes
1.57192703864223E+018,Yes
1.59263104208277E+018,Yes
1.56134049062844E+018,Yes
1.55913945617494E+018,No
1.59734373520943E+018,Yes
1.59647926804509E+018,Yes
1.36459216675296E+018,No
1.59695133987531E+018,No
1.38645427297659E+018,No
1.58814662583016E+018,Yes
1.59655434159876E+018,Yes
1.58824304252738E+018,Yes
1.59798951294864E+018,Yes
1.55322521008995E+018,Yes
1.44489237644364E+018,No
1.56821512664538E+018,No
1.58785507852584E+018,Yes
1.59619863669793E+018,Yes
1.57479553462328E+018,Yes
1.59765147592442E+018,No
1.42808259756184E+018,No
1.39422452228343E+018,No
1.58628147967547E+018,Yes
1.57652759796122E+018,No
1.59256962073273E+018,Yes
1.59800566103162E+018,Yes
1.59760945445511E+018,No
1.58352119254342E+018,Yes
1.59406214791889E+018,Yes
1.57588904752803E+018,Yes
1.55815177524868E+018,Yes
1.35451219183214E+018,No
1.5890886407725E+018,Yes
1.44986909429192E+018,No
1.56540818411818E+018,Yes
1.34577692667435E+018,No
1.58733196389531E+018,Yes
1.43642484380584E+018,No
1.40972667699355E+018,No
1.38640375382224E+018,No
1.59762050655073E+018,Yes
1.59747686640297E+018,Yes
1.54513141163148E+018,Yes
1.59438453349494E+018,Yes
1.59360637528386E+018,Yes
1.37124405941574E+018,No
1.42806526164352E+018,No
1.5882421648443E+018,Yes
1.59077912314778E+018,Yes
1.44567606536867E+018,No
1.5775497902373E+018,Yes
1.59460911596739E+018,Yes
1.44602536072283E+018,No
1.41688609512881E+018,No
1.58571050285625E+018,Yes
1.59647160495084E+018,Yes
1.58315878139104E+018,Yes
1.56168548791561E+018,Yes
1.55836478012516E+018,Yes
1.58954730104726E+018,Yes
1.57467182875645E+018,Yes
1.57368194982634E+018,Yes
1.43805481577137E+018,No
1.56498860711449E+018,Yes
1.59711683053949E+018,Yes
1.59435794908174E+018,Yes
1.59678259111779E+018,Yes
1.59288947297447E+018,Yes
1.5976719277366E+018,Yes
1.5908259864339E+018,Yes
1.56447610182459E+018,Yes
1.59079732782819E+018,Yes
1.57306831662077E+018,Yes
1.40702680391132E+018,No
1.58312847216753E+018,Yes
1.59585913608805E+018,Yes
1.58966237152165E+018,Yes
1.58811324328914E+018,Yes
1.5852225806799E+018,Yes
1.59018748075379E+018,Yes
1.5972704168461E+018,Yes
1.58608840947466E+018,Yes
1.58702069871906E+018,Yes
1.58735529044553E+018,Yes
1.59550036274362E+018,Yes
1.44146825152799E+018,No
1.5900284183929E+018,Yes
1.5922069934101E+018,Yes
1.58357202945826E+018,Yes
1.42013444936323E+018,No
1.58567205172924E+018,Yes
1.58749463391071E+018,Yes
1.5842307877752E+018,Yes
1.39200344283559E+018,Yes
1.58780632607959E+018,Yes
1.57630286996742E+018,Yes
1.5980074408174E+018,Yes
1.58344353290736E+018,Yes
1.36098855664316E+018,No
1.58419720776257E+018,Yes
1.58821855359733E+018,Yes
1.56459622506791E+018,Yes
1.59405869429931E+018,Yes
1.57186259076216E+018,Yes
1.58621354830453E+018,Yes
1.5758902283339E+018,Yes
1.5967231317667E+018,Yes
1.5911338653638E+018,Yes
1.57772740940249E+018,Yes
1.59000584893147E+018,Yes
1.58347924569919E+018,Yes
1.59436523322043E+018,Yes
1.59727909743221E+018,Yes
1.58862274071348E+018,No
1.38394631445552E+018,No
1.34576711495995E+018,No
1.59766177270164E+018,Yes
1.59224404931838E+018,Yes
1.59786801943413E+018,Yes
1.55107207298978E+018,Yes
1.54660269762489E+018,Yes
1.356106576353E+018,No
1.58627157322881E+018,Yes
1.59505817622297E+018,No
1.58774778143481E+018,Yes
1.59365260467164E+018,Yes
1.4349862847837E+018,No
1.59479641816578E+018,Yes
1.59030850890566E+018,Yes
1.35846660973254E+018,No
1.59800172257595E+018,Yes
1.5888211880629E+018,Yes
1.59438749929138E+018,Yes
1.59720016821423E+018,Yes
1.59799701914216E+018,Yes
1.59732448296399E+018,Yes
1.59587062026845E+018,No
1.5853496267139E+018,No
1.4483638290674E+018,Yes
1.59063010166993E+018,Yes
1.59544582737116E+018,No
1.58787684194307E+018,Yes
1.57293158127841E+018,Yes
1.36358739688602E+018,No
1.38582964754867E+018,Yes
1.59693324704458E+018,Yes
1.59800556768739E+018,Yes
1.59686174742797E+018,No
1.44817522085508E+018,No
1.58666809936495E+018,Yes
1.4084292118078E+018,No
1.45345011052073E+018,No
1.59697508110398E+018,Yes
1.43021588097002E+018,No
1.58013384691773E+018,Yes
1.5653785764127E+018,Yes
1.59288908693072E+018,Yes
1.58344436524179E+018,Yes
1.5827073243088E+018,Yes
1.54564180303407E+018,No
1.56169658991104E+018,Yes
1.58308549621693E+018,Yes
1.39421066052811E+018,No
1.56458615766041E+018,Yes
1.58921910233738E+018,Yes
1.59605988402149E+018,No
1.58416275177716E+018,Yes
1.44968531372765E+018,No
1.4218717195984E+018,No
1.59135597167446E+018,Yes
1.58602972627939E+018,No
1.59684891082309E+018,Yes
1.58315595072236E+018,No
1.39871508421457E+018,No
1.36921533288848E+018,Yes
1.59539953867977E+018,Yes
1.59640952456256E+018,Yes
1.59792171342116E+018,Yes
1.57759802795883E+018,Yes
1.59122496028618E+018,No
1.37514319344922E+018,No
1.59805236607049E+018,Yes
1.4549539983693E+018,No
1.57047118267115E+018,Yes
1.56341411467193E+018,Yes
1.36214876363308E+018,No
1.58383354941252E+018,No
1.59501449858643E+018,Yes
1.59114429002535E+018,Yes
1.58460040914589E+018,Yes
1.54548652185117E+018,No
1.58845646413772E+018,No
1.35411554948002E+018,Yes
1.59493431483554E+018,Yes
1.36268193055107E+018,No
1.54983457237594E+018,Yes
1.59531260268667E+018,Yes
1.5765192393429E+018,Yes
1.577728081586E+018,Yes
1.55334355059472E+018,No
1.5889821340389E+018,Yes
1.36061325659598E+018,Yes
1.55801967773274E+018,No
1.58993347895901E+018,No
1.58955949135563E+018,Yes
1.57879624247768E+018,Yes
1.59469424130064E+018,Yes
1.58707445771322E+018,No
1.41458194918891E+018,No
1.43889455442663E+018,No
1.39019283815186E+018,No
1.44437801009068E+018,No
1.58378179165508E+018,No
1.4302651841788E+018,No
1.55277308571101E+018,Yes
1.59148851668031E+018,Yes
1.5795344504926E+018,Yes
1.41307682571522E+018,No
1.59225037163171E+018,Yes
1.58380215352075E+018,Yes
1.58735324785722E+018,Yes
1.43738070472845E+018,No
1.58701380967114E+018,Yes
1.59513570059641E+018,No
1.56142742251124E+018,Yes
1.41180531951743E+018,No
1.59435237279659E+018,No
1.5980099237657E+018,Yes
1.58824893155674E+018,Yes
1.44638117192815E+018,No
1.54617950687198E+018,Yes
1.58788675045791E+018,Yes
1.57659846994642E+018,Yes
1.35082831907644E+018,Yes
1.59618922218431E+018,Yes
1.34514260279494E+018,No
1.58592916721161E+018,Yes
1.38563194776709E+018,No
1.58600776971047E+018,Yes
1.5892421102548E+018,No
1.56230455801297E+018,Yes
1.55243784205966E+018,Yes
1.4523416901871E+018,No
1.43605663298795E+018,No
1.41574553090753E+018,No
1.57700674801542E+018,Yes
1.38749415417602E+018,No
1.5848061644032E+018,Yes
1.59515160234391E+018,Yes
1.44066302441144E+018,No
1.4454622737497E+018,No
1.40335641422409E+018,No
1.59362416175845E+018,Yes
1.59443121248712E+018,Yes
1.58571340479838E+018,No
1.58534501763974E+018,Yes
1.35085588697415E+018,No
1.37405839001669E+018,No
1.59550129731008E+018,Yes
1.56852045929719E+018,No
1.39261036284813E+018,No
1.59151238078527E+018,Yes
1.39868170133375E+018,No
1.59434861829072E+018,Yes
1.58139105698941E+018,Yes
1.59069652946323E+018,Yes
1.5853154238135E+018,Yes
1.57776516533189E+018,Yes
1.59363005358945E+018,Yes
1.56677680957172E+018,Yes
1.59763682365606E+018,Yes
1.54689377210937E+018,Yes
1.5900504316986E+018,Yes
1.59567277473074E+018,No
1.5895513934545E+018,Yes
1.57753676910443E+018,Yes
1.5753937837468E+018,Yes
1.59213322301829E+018,No
1.56772792813327E+018,Yes
1.36142519377271E+018,No
1.56929273113835E+018,Yes
1.58345647382033E+018,No
1.43312913506551E+018,No
1.40185240723615E+018,Yes
1.59329020735641E+018,Yes
1.56319283364089E+018,Yes
1.41165605515998E+018,No
1.45230283500625E+018,No
1.40007224481099E+018,Yes
1.58966873006552E+018,Yes
1.59480857221019E+018,Yes
1.5900385694603E+018,Yes
1.58604884845505E+018,No
1.59494167858212E+018,Yes
1.3816059129605E+018,Yes
1.38393934184458E+018,No
1.57300648843583E+018,Yes
1.58603623157334E+018,No
1.58786833118028E+018,Yes
1.35506829446684E+018,No
1.37250402499442E+018,No
1.41902238963612E+018,No
1.59478906209895E+018,Yes
1.43235887798356E+018,No
1.41601741911883E+018,No
1.59435752331803E+018,Yes
1.39682062742895E+018,No
1.5969767155823E+018,Yes
1.42880057598719E+018,No
1.59226942147278E+018,Yes
1.41970144156501E+018,Yes
1.58770359304972E+018,Yes
1.58488460342868E+018,Yes
1.42552594695889E+018,No
1.39072322844062E+018,No
1.43077843903707E+018,No
1.56902971376234E+018,Yes
1.59551987388688E+018,No
1.58567910106661E+018,Yes
1.35326380630311E+018,No
1.44602569460196E+018,No
1.59654705259853E+018,Yes
1.59283637592538E+018,Yes
1.35419770204162E+018,No
1.35521156809564E+018,Yes
1.58630266679514E+018,Yes
1.34967426306254E+018,Yes
1.59724517760483E+018,No
1.40671987190013E+018,No
1.3458376396399E+018,No
1.59227190618252E+018,Yes
1.38313885097383E+018,No
1.38752923279702E+018,Yes
1.59790144455163E+018,Yes
1.59763176194444E+018,No
1.59006148402941E+018,Yes
1.39142232453308E+018,No
1.58633063865926E+018,Yes
1.58716002386783E+018,Yes
1.34979336450234E+018,No
1.59703274609405E+018,Yes
1.3922182151373E+018,Yes
1.58096452320035E+018,Yes
1.58602868553012E+018,Yes
1.58423772450429E+018,Yes
1.54862529376145E+018,Yes
1.59759625025344E+018,Yes
1.58426659634821E+018,Yes
1.59436200064097E+018,Yes
1.59621886395142E+018,Yes
1.59789841519072E+018,Yes
1.39713950608878E+018,No
1.5909989823269E+018,No
1.59615639068253E+018,Yes
1.59657512759214E+018,No
1.58858646219039E+018,Yes
1.58421282823984E+018,Yes
1.40667129009483E+018,Yes
1.58427421463841E+018,Yes
1.59056324147363E+018,No
1.59547321630211E+018,Yes
1.58486818974142E+018,Yes
1.55129265717945E+018,Yes
1.5848651686887E+018,Yes
1.56505715308116E+018,Yes
1.58965418754954E+018,Yes
1.58597011088356E+018,Yes
1.3588750380286E+018,No
1.43740020825045E+018,No
1.59550973608611E+018,Yes
1.58697911846119E+018,Yes
1.57921362146018E+018,No
1.37798101216519E+018,No
1.59651054159779E+018,Yes
1.58930424942261E+018,Yes
1.40952828177126E+018,No
1.59357661456626E+018,Yes
1.59796804603906E+018,Yes
1.54426731376303E+018,Yes
1.5957483997308E+018,Yes
1.58240908803755E+018,Yes
1.59008623397516E+018,Yes
1.40801915485094E+018,No
1.58716135491751E+018,Yes
1.59002917468913E+018,Yes
1.58424431414136E+018,No
1.59514738293698E+018,Yes
1.42437869533522E+018,Yes
1.36427468601263E+018,No
1.40791646823097E+018,No
1.58553400690446E+018,No
1.58928997126101E+018,Yes
1.56379991696252E+018,Yes
1.58948514540005E+018,Yes
1.58709123918225E+018,Yes
1.40235419785777E+018,No
1.57366856061809E+018,Yes
1.38598068108016E+018,No
1.37156496311073E+018,Yes
1.35243182625882E+018,No
1.59330626906189E+018,Yes
1.34759030758461E+018,No
1.59546280218926E+018,Yes
1.34908117673307E+018,Yes
1.58698602022618E+018,Yes
1.56862826268265E+018,Yes
1.58859138948675E+018,No
1.39147970137025E+018,No
1.59645013253045E+018,No
1.59533799184888E+018,Yes
1.38162996856062E+018,No
1.58335767276144E+018,Yes
1.59031586311441E+018,Yes
1.59073593675707E+018,Yes
1.59003771753005E+018,Yes
1.36106556740753E+018,No
1.58982677192678E+018,Yes
1.40936861134565E+018,No
1.59388512404256E+018,Yes
1.58746086462559E+018,Yes
1.59609227078418E+018,Yes
1.56170883113393E+018,No
1.36202648708023E+018,No
1.36864007612997E+018,Yes
1.38986291630907E+018,No
1.43168168702968E+018,No
1.59689357117688E+018,Yes
1.58426807877006E+018,Yes
1.57047045480005E+018,Yes
1.38392033075898E+018,No
1.59206843029492E+018,Yes
1.43317840387679E+018,No
1.58925664730601E+018,Yes
1.58966834234409E+018,No
1.5736941533257E+018,Yes
1.43044017933296E+018,Yes
1.59065634499004E+018,No
1.59335525485419E+018,Yes
1.56824426955894E+018,Yes
1.59804396615848E+018,Yes
1.59801094137096E+018,Yes
1.40037763251294E+018,No
1.58336698535392E+018,Yes
1.59457032581518E+018,Yes
1.58966733660452E+018,No
1.59003557409811E+018,Yes
1.4313216043368E+018,No
1.59515818263645E+018,Yes
1.58972312489068E+018,No
1.57354724249304E+018,No
1.59262146975409E+018,Yes
1.59213627222249E+018,Yes
1.38638863337714E+018,No
1.5607132773443E+018,Yes
1.59788886061653E+018,Yes
1.44039141344788E+018,No
1.41337524415334E+018,No
1.59659984812365E+018,No
1.58716751955884E+018,Yes
1.59350008477121E+018,Yes
1.58823692525685E+018,Yes
1.5866688308347E+018,Yes
1.5914593787875E+018,Yes
1.35123077428512E+018,No
1.41199530512235E+018,Yes
1.59400860190711E+018,Yes
1.3498651185537E+018,Yes
1.40214177566235E+018,No
1.54451882900659E+018,Yes
1.59761979190034E+018,No
1.58371496211107E+018,Yes
1.57039818606131E+018,Yes
1.40339892640168E+018,No
1.59202401527894E+018,Yes
1.59621156431042E+018,Yes
1.41521809802263E+018,No
1.58816200806699E+018,Yes
1.40309492829771E+018,No
1.59216884729738E+018,Yes
1.58449984466808E+018,Yes
1.59112076960166E+018,Yes
1.41534208959708E+018,No
1.59502669115974E+018,Yes
1.58646014135621E+018,Yes
1.58491213678194E+018,Yes
1.59292195691525E+018,Yes
1.37121889818865E+018,No
1.58669624985149E+018,Yes
1.5896477092205E+018,No
1.34996433356083E+018,No
1.58898252267928E+018,Yes
1.59746111172055E+018,Yes
1.35472814562726E+018,No
1.56822796327941E+018,Yes
1.54282203714367E+018,Yes
1.39294569072939E+018,No
1.59510591103474E+018,Yes
1.58535420248601E+018,Yes
1.58991623430426E+018,Yes
1.58570802952111E+018,No
1.59500486332242E+018,Yes
1.43164943452644E+018,Yes
1.58534421000553E+018,Yes
1.43897970008128E+018,No
1.57556606416312E+018,No
1.58590725440183E+018,No
1.59572874821672E+018,No
1.34649179085827E+018,Yes
1.59641280163942E+018,Yes
1.59797876088769E+018,No
1.5924662085612E+018,Yes
1.41451510248152E+018,No
1.58063321326096E+018,No
1.58659976109172E+018,Yes
1.59106024540065E+018,Yes
1.37578144866227E+018,Yes
1.5882523500071E+018,Yes
1.58386774985961E+018,Yes
1.59623665151638E+018,Yes
1.59537495204742E+018,Yes
1.54747827499288E+018,Yes
1.59461095822325E+018,Yes
1.59004108859288E+018,Yes
1.56105780668963E+018,Yes
1.39369168209754E+018,No
1.59515423104005E+018,Yes
1.58589661853217E+018,Yes
1.56679961757601E+018,No
1.59477475222428E+018,Yes
1.43745604868474E+018,No
1.58724392379322E+018,Yes
1.59727869816801E+018,Yes
1.38628631121717E+018,No
1.5896010957559E+018,No
1.56550291379081E+018,Yes
1.58345502687739E+018,Yes
1.59432126955359E+018,Yes
1.59799195738863E+018,Yes
1.5827787776664E+018,Yes
1.59604990355752E+018,Yes
1.59552599413555E+018,Yes
1.55088348363513E+018,Yes
1.5849424795894E+018,Yes
1.59433473079899E+018,Yes
1.43294494723421E+018,No
1.58584736036555E+018,No
1.59376028384727E+018,No
1.37787020201315E+018,No
1.35771224948232E+018,No
1.59112983470896E+018,Yes
1.59696244578415E+018,Yes
1.5596253985179E+018,Yes
1.59513435606193E+018,No
1.59437866255555E+018,Yes
1.59747951771062E+018,Yes
1.56716421573086E+018,Yes
1.58388207921308E+018,Yes
1.55730457220442E+018,Yes
1.59581365716174E+018,Yes
1.55049291358655E+018,Yes
1.35453606368818E+018,No
1.42435750238953E+018,No
1.59440154511801E+018,Yes
1.5873407906736E+018,Yes
1.596184966572E+018,Yes
1.5855884524306E+018,Yes
1.58602078752954E+018,Yes
1.41971543668659E+018,No
1.37227410790831E+018,No
1.58822084052042E+018,Yes
1.39393115627029E+018,No
1.59479262972361E+018,Yes
1.56900707276254E+018,No
1.59604277260308E+018,Yes
1.59292273053327E+018,Yes
1.43987960183725E+018,No
1.59758215667872E+018,Yes
1.5642165920027E+018,Yes
1.59801433325807E+018,Yes
1.57721021723369E+018,Yes
1.59213320936581E+018,Yes
1.41973451072014E+018,No
1.56596765597829E+018,Yes
1.56471931730393E+018,Yes
1.59440964110215E+018,Yes
1.44146486418305E+018,No
1.5851840527303E+018,Yes
1.58318820004637E+018,Yes
1.557429876399E+018,Yes
1.55116480258793E+018,Yes
1.58641944298432E+018,Yes
1.59210723084509E+018,Yes
1.58378167847632E+018,Yes
1.57470636420659E+018,Yes
1.35195780403947E+018,No
1.4244506260005E+018,No
1.58614318481578E+018,No
1.42149572286887E+018,No
1.54715790116019E+018,No
1.58978768074089E+018,Yes
1.59368540503091E+018,Yes
1.58557599201333E+018,Yes
1.37617683354108E+018,Yes
1.58496575407587E+018,No
1.59754452346251E+018,Yes
1.55842691124364E+018,Yes
1.58702463298881E+018,Yes
1.58488922224209E+018,Yes
1.59180897709602E+018,Yes
1.59288549634648E+018,Yes
1.54660757557528E+018,Yes
1.58503920479465E+018,No
1.44892817561918E+018,No
1.59094491059703E+018,Yes
1.58969849717486E+018,Yes
1.58463570286789E+018,Yes
1.38637418858015E+018,No
1.59023619886562E+018,Yes
1.59690356527189E+018,Yes
1.36469040991876E+018,No
1.57510467041808E+018,Yes
1.57482697369581E+018,Yes
1.56835153950449E+018,Yes
1.38128620088395E+018,No
1.5932655853743E+018,Yes
1.59075410703565E+018,Yes
1.39720894657058E+018,No
1.38341752806863E+018,No
1.3523037921974E+018,Yes
1.59478471846521E+018,No
1.36053047782483E+018,No
1.59479982855855E+018,Yes
1.59469317323801E+018,Yes
1.35886914126915E+018,No
1.59804690544319E+018,Yes
1.38741330811494E+018,No
1.59799459043043E+018,Yes
1.55600136955483E+018,Yes
1.3902767070185E+018,No
1.59612637602484E+018,Yes
1.59006093168151E+018,Yes
1.58640409386574E+018,Yes
1.40307558960761E+018,No
1.39246914395852E+018,No
1.5967978164455E+018,Yes
1.35270332481086E+018,No
1.58557636664848E+018,Yes
1.59033360159357E+018,Yes
1.38593563090401E+018,No
1.39512942952175E+018,No
1.58453374887528E+018,Yes
1.55839431663197E+018,Yes
1.44611605793715E+018,No
1.58897858327153E+018,Yes
1.58528862996187E+018,Yes
1.38120531748947E+018,No
1.41961216788886E+018,No
1.5926043940211E+018,Yes
1.59727490930223E+018,Yes
1.59173051091272E+018,Yes
1.55259226118314E+018,Yes
1.58414447680489E+018,Yes
1.43640201168418E+018,No
1.59075544005675E+018,Yes
1.5922497708226E+018,Yes
1.44071218001008E+018,No
1.59329370153879E+018,Yes
1.58596728329739E+018,Yes
1.58926911452199E+018,Yes
1.59281741151827E+018,Yes
1.40938823146929E+018,No
1.57332986252559E+018,Yes
1.41321966859319E+018,No
1.4439062498678E+018,No
1.34552071173829E+018,No
1.54934807469015E+018,No
1.58968701396783E+018,Yes
1.59399034496168E+018,Yes
1.57325032751985E+018,Yes
1.39468638266531E+018,Yes
1.59112134176316E+018,Yes
1.57541519470828E+018,Yes
1.58858199877112E+018,Yes
1.59797746554021E+018,Yes
1.58347553066949E+018,Yes
1.58818060256976E+018,Yes
1.58777394044483E+018,Yes
1.5925952650513E+018,Yes
1.59794997493934E+018,Yes
1.43125780019433E+018,No
1.3867245040099E+018,No
1.38853421238761E+018,No
1.35126279615619E+018,Yes
1.59398352331647E+018,Yes
1.38338277574767E+018,No
1.37181021453041E+018,Yes
1.59474656493686E+018,Yes
1.36601604908328E+018,No
1.41181190540087E+018,No
1.38163449547292E+018,No
1.58392041069729E+018,No
1.59115241591054E+018,Yes
1.35081816761088E+018,No
1.59443039172049E+018,Yes
1.34683508329934E+018,Yes
1.59695730539613E+018,Yes
1.59513422380312E+018,No
1.45090260982551E+018,No
1.58468794703898E+018,Yes
1.59518470353075E+018,Yes
1.56648559783695E+018,No
1.58786314533879E+018,Yes
1.58937646691952E+018,Yes
1.57935833831978E+018,Yes
1.58468041976071E+018,Yes
1.5969434312551E+018,Yes
1.40452394946839E+018,No
1.57688604288757E+018,Yes
1.56776957346987E+018,No
1.58231865670849E+018,Yes
1.55417301228657E+018,Yes
1.35412637958821E+018,No
1.59759937861284E+018,Yes
1.59710145576031E+018,Yes
1.59712514211906E+018,No
1.58999394659981E+018,No
1.59069406867307E+018,Yes
1.44371192817872E+018,No
1.57556736307154E+018,Yes
1.55199760072702E+018,Yes
1.59443224042714E+018,Yes
1.58420171135871E+018,No
1.59683633924028E+018,No
1.59141360635204E+018,Yes
1.35617034531787E+018,No
1.58487155479337E+018,Yes
1.58551843616739E+018,No
1.58826255621255E+018,Yes
1.58487146962003E+018,Yes
1.34985096445551E+018,No
1.57004035973604E+018,Yes
1.56786745831208E+018,Yes
1.43224907906991E+018,No
1.55278890281308E+018,No
1.43335361083487E+018,No
1.39586368648553E+018,No
1.56812145299361E+018,No
1.5951041915461E+018,Yes
1.41357526587632E+018,Yes
1.39570838522862E+018,No
1.58315809971597E+018,Yes
1.39272204034863E+018,Yes
1.58999248144939E+018,Yes
1.35810004518328E+018,No
1.586611940843E+018,Yes
1.36011148657683E+018,No
1.59765594168796E+018,Yes
1.38779399908438E+018,No
1.58644426720723E+018,Yes
1.58957376350257E+018,Yes
1.39966295037019E+018,No
1.55881222881566E+018,No
1.59478434144342E+018,Yes
1.58854286479496E+018,Yes
1.59454257590985E+018,Yes
1.59149674323736E+018,Yes
1.34759437060269E+018,No
1.42321226778557E+018,No
1.35287387023206E+018,No
1.58754340058009E+018,No
1.58738792027677E+018,Yes
1.59353932762315E+018,Yes
1.39388655406252E+018,No
1.59792561509276E+018,Yes
1.58529141861618E+018,Yes
1.594775287623E+018,Yes
1.35692648060598E+018,No
1.57224903621594E+018,Yes
1.58729479457706E+018,Yes
1.59109793876347E+018,Yes
1.42701874631771E+018,No
1.59437235176812E+018,Yes
1.58999303297554E+018,Yes
1.58503784332358E+018,Yes
1.59442565706021E+018,No
1.43954706733726E+018,No
1.57830709600042E+018,Yes
1.59133569425304E+018,Yes
1.5856791968856E+018,No
1.590128884062E+018,No
1.59755428101583E+018,No
1.59661886290823E+018,Yes
1.5911347953794E+018,No
1.57844863253303E+018,No
1.42040702584713E+018,No
1.57619756757853E+018,
1.55116384036841E+018,No
1.58926068262493E+018,Yes
1.56215716592588E+018,No
1.40849869047877E+018,No
1.5944016164001E+018,No
1.43026598613393E+018,No
1.59624731215806E+018,Yes
1.40234093545589E+018,No
1.43478770378305E+018,No
1.41782992216957E+018,
1.39145482621985E+018,No
1.59576145831857E+018,Yes
1.58047712990443E+018,Yes
1.56725644517912E+018,Yes
1.58576623349189E+018,Yes
1.5433552256454E+018,Yes
1.38280755380187E+018,No
1.59797676959613E+018,Yes
1.58532941071844E+018,Yes
1.5567539216575E+018,No
1.5965515895939E+018,No
1.59424256253744E+018,No
1.59693802878562E+018,No
1.38823518365301E+018,No
1.59511598018293E+018,No
1.59727128494961E+018,No
1.58669915371914E+018,Yes
1.59798392522553E+018,Yes
1.55558786672148E+018,No
1.57376510878587E+018,Yes
1.58965936369363E+018,Yes
1.37871697116916E+018,
1.58518513384152E+018,Yes
1.5921204080732E+018,Yes
1.59761743758298E+018,No
1.59033793457383E+018,No
1.59057203773483E+018,Yes
1.58856879298435E+018,No
1.57196618976458E+018,Yes
1.59061435766239E+018,No
1.54399241061049E+018,No
1.38823238900928E+018,No
1.34747232057159E+018,No
1.58528621134581E+018,Yes
1.3812195924088E+018,No
1.41503226057168E+018,No
1.59179708913434E+018,No
1.5852165397958E+018,Yes
1.59619361313407E+018,Yes
1.59257083877956E+018,No
1.59244058792363E+018,No
1.59105813355576E+018,Yes
1.59368977293706E+018,No
1.59801111744362E+018,No
1.36460613629349E+018,No
1.56148264260388E+018,Yes
1.56492645009601E+018,
1.59547279596153E+018,No
1.55985627490015E+018,No
1.36572664041698E+018,No
1.56793274603447E+018,No
1.5936491590091E+018,Yes
1.58383999489633E+018,No
1.58429619024156E+018,No
1.56160396853445E+018,No
1.35837315435641E+018,No
1.58602642800052E+018,Yes
1.35301078534216E+018,No
1.5695893305444E+018,Yes
1.59690858096351E+018,Yes
1.58566602087383E+018,No
1.56998555076069E+018,
1.43535385514391E+018,No
1.58629171329074E+018,No
1.58879529335275E+018,Yes
1.44863306855895E+018,No
1.57665323232332E+018,No
1.41970263904296E+018,Yes
1.38389138671012E+018,Yes
1.5860211839587E+018,Yes
1.36776815372444E+018,Yes
1.44676196104419E+018,No
1.59114878640731E+018,Yes
1.35769045503149E+018,No
1.59424634196999E+018,Yes
1.4277468154206E+018,No
1.57698699194982E+018,Yes
1.38787666506226E+018,No
1.59465557725007E+018,No
1.58701361261851E+018,No
1.58311166793148E+018,Yes
1.41411973521462E+018,No
1.58858212766244E+018,No
1.38920756887101E+018,No
1.57702434226884E+018,Yes
1.56383523636614E+018,Yes
1.5861158856636E+018,Yes
1.55559200629821E+018,No
1.56684139275579E+018,No
1.56531259613535E+018,Yes
1.40071320494327E+018,No
1.59557381621389E+018,Yes
1.59548030168123E+018,Yes
1.58563435961242E+018,Yes
1.58603826401603E+018,No
1.59751244332817E+018,Yes
1.58845226304707E+018,Yes
1.59733721485764E+018,Yes
1.57739067489013E+018,Yes
1.45454201412979E+018,No
1.59587125898562E+018,No
1.59692871313164E+018,No
1.59639424587465E+018,Yes
1.35588165763566E+018,No
1.59801913696128E+018,No
1.59029480779641E+018,No
1.5965414172075E+018,Yes
1.55996376837274E+018,No
1.40855663898272E+018,No
1.59008877264481E+018,No
1.59650179883955E+018,Yes
1.58347796637354E+018,Yes
1.59044863962504E+018,No
1.35263573653788E+018,No
1.56929520625558E+018,No
1.59082522724388E+018,Yes
1.41795018080507E+018,No
1.43477039139074E+018,No
1.38022539387826E+018,No
1.59727484538103E+018,No
1.39573221098935E+018,No
1.58602240708887E+018,No
1.59800793123222E+018,Yes
1.57042811960914E+018,Yes
1.59300611130487E+018,Yes
1.40408317929261E+018,No
1.59695793826591E+018,No
1.58881289774841E+018,Yes
1.57955809683351E+018,Yes
1.56713735711086E+018,No
1.38857902933955E+018,No
1.59548721208665E+018,Yes
1.55948878199614E+018,No
1.44553059854256E+018,No
1.59515426878416E+018,No
1.39576747795147E+018,No
1.58500590338784E+018,No
1.58686462982065E+018,Yes
1.58644692651776E+018,Yes
1.54387460216995E+018,No
1.42268368106437E+018,No
1.58581724671837E+018,No
1.5486365976289E+018,No
1.58565175920421E+018,No
1.58891599785955E+018,No
1.45057705087672E+018,No
1.59535703692503E+018,No
1.58968699620493E+018,No
1.58845266720209E+018,Yes
1.41867837574138E+018,No
1.36757164260454E+018,No
1.40019295102063E+018,No
1.59027106009594E+018,Yes
1.58446639661165E+018,No
1.34723152390955E+018,No
1.58461225458199E+018,No
1.59435290219735E+018,No
1.59514237110827E+018,No
1.38877840937184E+018,No
1.56285313125112E+018,No
1.59280291136053E+018,Yes
1.59507893737767E+018,No
1.59198776980265E+018,No
1.58443294316595E+018,Yes
1.59444444411539E+018,No
1.37770914870867E+018,No
1.59689882960482E+018,No
1.42733960008379E+018,No
1.5743397155364E+018,Yes
1.5953176234573E+018,No
1.35844618136234E+018,No
1.55925139838193E+018,Yes
1.58807835191425E+018,Yes
1.58674897902236E+018,No
1.59000460559715E+018,Yes
1.54644145149984E+018,Yes
1.59639863505869E+018,Yes
1.55470856263458E+018,Yes
1.59792048480014E+018,Yes
1.39406797447498E+018,No
1.59369204291536E+018,Yes
1.57196618976458E+018,Yes
1.59198776980265E+018,No
1.57955959393999E+018,Yes
1.57172504851134E+018,No
1.58788724882509E+018,Yes
1.58495762520856E+018,Yes
1.59535703692503E+018,Yes
1.57330749598401E+018,No
1.35326647890944E+018,No
1.58594987790887E+018,Yes
1.37929410528548E+018,Yes
1.34888371981012E+018,No
1.58415117979343E+018,No
1.57702434226884E+018,Yes
1.58484163068284E+018,No
1.59296428520624E+018,No
1.58941231460363E+018,Yes
1.59512381645564E+018,Yes
1.56602269670989E+018,No
1.59639424587465E+018,Yes
1.59244058792363E+018,Yes
1.57547697331658E+018,Yes
1.58336151226539E+018,Yes
1.5951144211224E+018,Yes
1.56531259613535E+018,Yes
1.58736470136475E+018,Yes
1.5860211839587E+018,Yes
1.54873539825123E+018,Yes
1.58921587745899E+018,Yes
1.59720764914126E+018,No
1.55996376837274E+018,Yes
1.56571528251297E+018,No
1.58996181788304E+018,Yes
1.35692648060598E+018,No
1.58347796637354E+018,Yes
1.36533278769644E+018,No
1.59655976363009E+018,Yes
1.37900272405073E+018,No
1.58867067055231E+018,Yes
1.35804040091789E+018,No
1.59497486507273E+018,Yes
1.40323689875214E+018,No
1.55116384036841E+018,Yes
1.59259614449621E+018,Yes
1.58999303297554E+018,Yes
1.56285313125112E+018,Yes
1.58345048438777E+018,Yes
1.57955809683351E+018,Yes
1.59365706852266E+018,Yes
1.5911347953794E+018,Yes
1.59587125898562E+018,Yes
1.38420268838083E+018,No
1.57042811960914E+018,Yes
1.59802833028844E+018,No
1.57912628606442E+018,Yes
1.34908177736992E+018,No
1.57665323232332E+018,No
1.58923409361067E+018,Yes
1.58783856930505E+018,Yes
1.34721384911249E+018,No
1.58599428543819E+018,Yes
1.58565175920421E+018,No
1.38823518365301E+018,No
1.41503226057168E+018,No
1.56713735711086E+018,No
1.36757164260454E+018,No
1.42733960008379E+018,No
1.59435940086884E+018,Yes
1.54986284421217E+018,No
1.40782847506346E+018,No
1.58356350420399E+018,Yes
1.59113927617516E+018,Yes
1.59258746438408E+018,Yes
1.37980838736654E+018,Yes
1.58389434683892E+018,Yes
1.59296010448339E+018,Yes
1.59079241906246E+018,Yes
1.57405547742361E+018,No
1.58603170272333E+018,No
1.58736950759666E+018,No
1.43954706733726E+018,No
1.54897852887987E+018,No
1.5921204080732E+018,Yes
1.40993188707896E+018,No
1.5650114626445E+018,No
1.59497350109793E+018,Yes
1.45011268647428E+018,Yes
1.59220882853137E+018,No
1.5486365976289E+018,Yes
1.58495460125377E+018,Yes
1.59435783364178E+018,No
1.34613534758398E+018,No
1.55273045203688E+018,Yes
1.37979058044473E+018,No
1.40328216914599E+018,No
1.5936491590091E+018,Yes
1.59688880114594E+018,Yes
1.59751244332817E+018,Yes
1.55073901553978E+018,Yes
1.54603852941491E+018,Yes
1.59572559122308E+018,Yes
1.5936781982855E+018,Yes
1.36572664041698E+018,No
1.5695893305444E+018,No
1.59142417774743E+018,Yes
1.59276939120021E+018,Yes
1.35372122870035E+018,No
1.58700438477642E+018,Yes
1.42103773088102E+018,No
1.35263573653788E+018,No
1.45022791661324E+018,No
1.39327094182049E+018,No
1.38822097547344E+018,No
1.58716746401366E+018,Yes
1.59424634196999E+018,Yes
1.58576623349189E+018,Yes
1.45216761191202E+018,No
1.59179708913434E+018,No
1.59733845616194E+018,Yes
1.57230674908405E+018,No
1.56725644517912E+018,Yes
1.58713228434749E+018,Yes
1.40374052606772E+018,No
1.59391985327824E+018,No
1.56492645009601E+018,No
1.37232454610002E+018,Yes
1.54623894677826E+018,Yes
1.59619951583681E+018,No
1.59207561139653E+018,Yes
1.58171460609523E+018,Yes
1.43113748782556E+018,No
1.54983459247095E+018,Yes
1.58891599785955E+018,No
1.37801986649453E+018,No
1.57373943352592E+018,No
1.58856879298435E+018,Yes
1.58996893537331E+018,Yes
1.59297975076693E+018,Yes
1.36208265215361E+018,Yes
1.59650179883955E+018,Yes
1.42040702584713E+018,No
1.59646123508349E+018,Yes
1.59318658043678E+018,Yes
1.38355467384032E+018,No
1.58607894855481E+018,Yes
1.59435290219735E+018,Yes
1.43478770378305E+018,No
1.59481082109543E+018,Yes
1.58896780875887E+018,No
1.40411292656325E+018,No
1.58640981900698E+018,Yes
1.42369788055307E+018,No
1.58845226304707E+018,Yes
1.37984121534933E+018,No
1.59078632310718E+018,Yes
1.44832787673923E+018,Yes
1.59474170591538E+018,Yes
1.56934946315565E+018,Yes
1.58384047202357E+018,No
1.4277468154206E+018,No
1.5978275724944E+018,Yes
1.58745711563075E+018,Yes
1.57844863253303E+018,No
1.58997548624316E+018,Yes
1.38716077536669E+018,No
1.59285909942292E+018,Yes
1.58318643087595E+018,Yes
1.56547347002842E+018,Yes
1.59329371509067E+018,Yes
1.58672417286413E+018,Yes
1.59656188792745E+018,Yes
1.5953881497563E+018,Yes
1.38314246896368E+018,No
1.35196081302897E+018,No
1.58416836456995E+018,Yes
1.59727484538103E+018,Yes
1.43093375621974E+018,No
1.58307517051156E+018,Yes
1.59440504956376E+018,Yes
1.59424256253744E+018,No
1.4467644033959E+018,No
1.58563435961242E+018,Yes
1.58378395219592E+018,No
1.41830491029938E+018,No
1.57627284831792E+018,No
1.59514783139577E+018,Yes
1.58791080394825E+018,No
1.59398371788574E+018,Yes
1.38966976105166E+018,Yes
1.58528909828935E+018,Yes
1.36094265248574E+018,No
1.58996670459911E+018,Yes
1.58934741859608E+018,Yes
1.59332099706688E+018,Yes
1.44464416635755E+018,No
1.59582275136073E+018,No
1.590853214874E+018,Yes
1.57010670004015E+018,Yes
1.59641518235973E+018,Yes
1.59179708913434E+018,Yes
1.59024658562748E+018,Yes
1.58684182473969E+018,Yes
1.59646620427689E+018,No
1.37109620306936E+018,No
1.42040702584713E+018,No
1.59537024636969E+018,Yes
1.57955809683351E+018,Yes
1.58961233854165E+018,Yes
1.41526812179184E+018,No
1.59714804076199E+018,Yes
1.36757164260454E+018,No
1.5592330841171E+018,No
1.5650346859856E+018,Yes
1.43478770378305E+018,No
1.4070972686338E+018,No
1.59317353824847E+018,Yes
1.59718268603185E+018,Yes
1.58845226304707E+018,Yes
1.59639424587465E+018,Yes
1.57042811960914E+018,Yes
1.59535703692503E+018,Yes
1.40292180839182E+018,No
1.58314661951966E+018,Yes
1.58670504874212E+018,Yes
1.59584006642911E+018,Yes
1.59427045925991E+018,Yes
1.40373005247126E+018,No
1.37914924241823E+018,No
1.43671255881627E+018,No
1.43094031402232E+018,No
1.59513183714348E+018,Yes
1.59771381724469E+018,Yes
1.57265463922023E+018,Yes
1.38075117587257E+018,No
1.59507453356791E+018,Yes
1.58847926497827E+018,Yes
1.34995009014067E+018,No
1.59424634196999E+018,Yes
1.59294904085318E+018,Yes
1.58592635281694E+018,No
1.4277468154206E+018,No
1.55996376837274E+018,Yes
1.56713735711086E+018,Yes
1.58341757123511E+018,Yes
1.59142227471174E+018,Yes
1.59062934856627E+018,Yes
1.58484967339082E+018,Yes
1.5936491590091E+018,Yes
1.57702434226884E+018,Yes
1.361720561681E+018,No
1.43168524380788E+018,No
1.5860211839587E+018,Yes
1.59041118730469E+018,Yes
1.45482741219003E+018,No
1.59178968209385E+018,Yes
1.59801614817575E+018,Yes
1.59650179883955E+018,Yes
1.42835830465314E+018,Yes
1.43495183610926E+018,Yes
1.59256685282344E+018,Yes
1.59805538055871E+018,No
1.54730608448598E+018,Yes
1.43954706733726E+018,No
1.39946607100705E+018,No
1.54730721938924E+018,Yes
1.596507352723E+018,Yes
1.59009470379786E+018,No
1.58563435961242E+018,Yes
1.36315725380157E+018,No
1.59479306327633E+018,No
1.5776142091097E+018,No
1.59744667690142E+018,Yes
1.58498336505629E+018,No
1.59430937654585E+018,Yes
1.43696399600808E+018,No
1.404426717524E+018,No
1.56622467847726E+018,Yes
1.41503226057168E+018,No
1.5707985712845E+018,No
1.39636415669415E+018,No
1.59713689147996E+018,No
1.41676404173376E+018,Yes
1.5486365976289E+018,Yes
1.38744183779172E+018,No
1.40088556857846E+018,Yes
1.34552149230244E+018,No
1.37279432114179E+018,No
1.5695893305444E+018,Yes
1.59584309257346E+018,Yes
1.58814512276777E+018,Yes
1.37555011561679E+018,No
1.54912088701394E+018,Yes
1.35089138633003E+018,No
1.56744814878783E+018,Yes
1.59405687763332E+018,Yes
1.59435290219735E+018,No
1.3702983508185E+018,No
1.5921204080732E+018,Yes
1.41670838706099E+018,Yes
1.34928282293105E+018,No
1.58576623349189E+018,Yes
1.59507154369603E+018,No
1.54616488268028E+018,Yes
1.39461551234113E+018,Yes
1.56492645009601E+018,No
1.58813087648699E+018,Yes
1.59792084561099E+018,Yes
1.59681518666897E+018,Yes
1.36572664041698E+018,No
1.37941453174363E+018,No
1.56290008843898E+018,Yes
1.34500613691166E+018,Yes
1.58999303297554E+018,Yes
1.54617648437681E+018,Yes
1.55359987619741E+018,Yes
1.57374937885403E+018,No
1.37543864316737E+018,Yes
1.59424256253744E+018,No
1.58537607478732E+018,Yes
1.42413918548147E+018,No
1.38823518365301E+018,No
1.58501302901969E+018,No
1.58569809815566E+018,No
1.56468862593729E+018,Yes
1.59349270878983E+018,Yes
1.59682873775214E+018,No
1.43538632325106E+018,No
1.59546872412711E+018,No
1.57326921985633E+018,Yes
1.36923689956772E+018,Yes
1.55116384036841E+018,No
1.56725644517912E+018,Yes
1.58694163280863E+018,Yes
1.58740484621855E+018,Yes
1.58528653195004E+018,Yes
1.35924827530871E+018,No
1.59727484538103E+018,Yes
1.35344486222234E+018,No
1.35835525638881E+018,No
1.35263573653788E+018,No
1.59003285189377E+018,Yes
1.59751244332817E+018,Yes
1.42733960008379E+018,No
1.56215630785097E+018,Yes
1.58891599785955E+018,Yes
1.59612990084662E+018,Yes
1.39134788655482E+018,No
1.34686939232016E+018,No
1.59244058792363E+018,No
1.56253244139466E+018,Yes
1.55774821742462E+018,No
1.54915487601329E+018,No
1.58312122565135E+018,No
1.56194571092438E+018,Yes
1.59198776980265E+018,No
1.42478839160284E+018,No
1.59444619405869E+018,Yes
1.58965082477888E+018,Yes
1.56285313125112E+018,No
1.59577834814328E+018,Yes
1.58856879298435E+018,No
1.34562326711418E+018,No
1.59721155748181E+018,Yes
1.592612842054E+018,No
1.59258309175083E+018,Yes
1.37946529709099E+018,No
1.57773671427314E+018,Yes
1.58347796637354E+018,Yes
1.59587125898562E+018,Yes
1.34686109556322E+018,No
1.5940180968465E+018,Yes
1.57665323232332E+018,No
1.56531259613535E+018,Yes
1.5877801122374E+018,Yes
1.59552237105775E+018,Yes
1.59797352589339E+018,Yes
1.54693304460236E+018,Yes
1.59549768080082E+018,No
1.58565175920421E+018,No
1.57844863253303E+018,Yes
1.57298669618617E+018,Yes
1.35692648060598E+018,No
1.59586783146764E+018,Yes
1.57196618976458E+018,Yes
1.58854058626476E+018,Yes
1.56609620441665E+018,No
1.44254529720533E+018,No
1.58741943840352E+018,Yes
1.5911347953794E+018,No
1.56065124014446E+018,Yes
1.58533361430415E+018,Yes
1.38151919823764E+018,No
1.55996376837274E+018,Yes
1.59551671280353E+018,No
1.56031624584876E+018,Yes
1.59339524673755E+018,Yes
1.59727484538103E+018,Yes
1.59751505521794E+018,Yes
1.59424634196999E+018,Yes
1.55114371568252E+018,Yes
1.41493755401359E+018,No
1.43659087116053E+018,No
1.57665323232332E+018,Yes
1.37259006946751E+018,No
1.42733960008379E+018,No
1.36322656468352E+018,No
1.43954706733726E+018,No
1.36096301040003E+018,No
1.59587125898562E+018,Yes
1.407667846663E+018,No
1.58891163612692E+018,Yes
1.59780611178014E+018,No
1.3638835466377E+018,No
1.35263573653788E+018,No
1.56902091020351E+018,Yes
1.56914103302318E+018,No
1.41503226057168E+018,No
1.59457032581518E+018,Yes
1.59799885277865E+018,Yes
1.44507571323792E+018,No
1.59639424587465E+018,Yes
1.59516506552707E+018,No
1.59608959881563E+018,Yes
1.58845226304707E+018,No
1.36757164260454E+018,No
1.59364616245569E+018,Yes
1.37540851633739E+018,No
1.58423762194519E+018,Yes
1.58636134842173E+018,No
1.57844863253303E+018,Yes
1.55640483499106E+018,No
1.59534644444106E+018,No
1.56593952905545E+018,No
1.59575990114973E+018,Yes
1.59360052459468E+018,Yes
1.5911347953794E+018,Yes
1.58347796637354E+018,Yes
1.58459480168061E+018,Yes
1.57042811960914E+018,Yes
1.57195557300408E+018,Yes
1.5695893305444E+018,Yes
1.59619512941243E+018,Yes
1.59504906383723E+018,No
1.58891599785955E+018,Yes
1.59198776980265E+018,No
1.55384178160695E+018,Yes
1.39968711123476E+018,No
1.57509001950489E+018,Yes
1.56433242558027E+018,No
1.35083059954052E+018,No
1.55414223445861E+018,Yes
1.58468041976071E+018,Yes
1.59652854508569E+018,Yes
1.58563435961242E+018,Yes
1.58118085601384E+018,No
1.58393085372119E+018,Yes
1.43496335702347E+018,No
1.58807821924423E+018,Yes
1.58565175920421E+018,Yes
1.58346956735109E+018,Yes
1.36850601945068E+018,Yes
1.5849959782134E+018,Yes
1.58248238001492E+018,Yes
1.58664749315205E+018,Yes
1.55950585639537E+018,Yes
1.59094491059703E+018,Yes
1.58856879298435E+018,Yes
1.5936491590091E+018,Yes
1.58461261116063E+018,Yes
1.59072681236295E+018,Yes
1.59427123526075E+018,Yes
1.44251062119966E+018,No
1.59693408268382E+018,Yes
1.38123397843532E+018,No
1.57196618976458E+018,Yes
1.35126279615619E+018,Yes
1.43093995331648E+018,No
1.59751244332817E+018,Yes
1.56713735711086E+018,Yes
1.58786004801707E+018,Yes
1.59435290219735E+018,Yes
1.36066548575544E+018,No
1.55998002665687E+018,No
1.59244058792363E+018,No
1.3779285955203E+018,No
1.59029756657889E+018,Yes
1.41386934406552E+018,No
1.56531259613535E+018,Yes
1.58240908803755E+018,Yes
1.59535703692503E+018,Yes
1.59424256253744E+018,Yes
1.58354984296582E+018,Yes
1.35412844530383E+018,No
1.58576623349189E+018,Yes
1.59553944993648E+018,Yes
1.59103123444849E+018,Yes
1.59550973608611E+018,Yes
1.54624086099146E+018,Yes
1.36141044447336E+018,No
1.58371277861932E+018,Yes
1.5722752285539E+018,Yes
1.35327778046577E+018,No
1.59618153150402E+018,Yes
1.59650179883955E+018,Yes
1.38823518365301E+018,No
1.572987644749E+018,Yes
1.57702434226884E+018,Yes
1.58526042583454E+018,Yes
1.58806763095865E+018,Yes
1.58678059612214E+018,Yes
1.59533776928653E+018,No
1.59189085040502E+018,Yes
1.54769879370496E+018,Yes
1.58339577235508E+018,Yes
1.56725644517912E+018,Yes
1.59547257313504E+018,No
1.59762511164516E+018,Yes
1.41679471088315E+018,No
1.59101696412183E+018,Yes
1.56285313125112E+018,Yes
1.58533583559945E+018,Yes
1.55116384036841E+018,Yes
1.37159857623369E+018,No
1.58735025408887E+018,Yes
1.58699948825786E+018,Yes
1.58524600703341E+018,Yes
1.3504785359542E+018,No
1.43478770378305E+018,No
1.40343881215235E+018,No
1.59368650662291E+018,Yes
1.58662445349625E+018,Yes
1.36572664041698E+018,No
1.59443224042714E+018,Yes
1.5844674705339E+018,Yes
1.41529255573496E+018,No
1.5852225806799E+018,Yes
1.59572979032519E+018,Yes
1.56823078594951E+018,Yes
1.35648743261152E+018,No
1.59213258897794E+018,Yes
1.57955809683351E+018,Yes
1.35692648060598E+018,No
1.5486365976289E+018,Yes
1.42498981215569E+018,No
1.4413045927136E+018,No
1.55853074992987E+018,Yes
1.59144451848183E+018,Yes
1.59439638446313E+018,Yes
1.55516118117383E+018,Yes
1.59396938012318E+018,Yes
1.58761078469941E+018,Yes
1.58443193446938E+018,Yes
1.42257515679543E+018,No
1.5921204080732E+018,Yes
1.5889463951718E+018,Yes
1.45075676757146E+018,No
1.5834999149902E+018,Yes
1.57666149994244E+018,Yes
1.4244679186796E+018,Yes
1.57602570733947E+018,Yes
1.58532618111277E+018,Yes
1.59659959139831E+018,No
1.58809657222677E+018,Yes
1.59501574237784E+018,Yes
1.57368476225815E+018,Yes
1.58573629522117E+018,Yes
1.54389107653632E+018,Yes
1.36896311929755E+018,No
1.58644098481188E+018,Yes
1.56492645009601E+018,No
1.35855298678457E+018,No
1.59179708913434E+018,Yes
1.58818102264218E+018,Yes
1.59365352262464E+018,Yes
1.54329905482168E+018,Yes
1.56132136580588E+018,Yes
1.57949724074564E+018,Yes
1.58709694492047E+018,Yes
1.34760994659103E+018,No
1.4277468154206E+018,No
1.34868777448918E+018,Yes
1.37367176367089E+018,No
1.5860211839587E+018,Yes
1.55299343713738E+018,Yes
1.59697834556015E+018,Yes
1.58239968034379E+018,Yes
1.42040702584713E+018,No
1.58999303297554E+018,Yes
1.59552134358751E+018,Yes
